"種類名","路線名(運行系統)","路線副名称(運行系統)","正式路線","事業者名(簡易)","事業者名(id)","事業者ごとの並び順","正式区間","運行系統","路線カラー"
"鉄道","函館本線",,,,"北海道旅客鉄道株式会社",1,1,1,
"鉄道","函館本線","砂原支線",,,"北海道旅客鉄道株式会社",2,1,1,
"鉄道","札沼線",,,,"北海道旅客鉄道株式会社",3,1,1,
"鉄道","千歳線",,,,"北海道旅客鉄道株式会社",4,1,1,
"鉄道","千歳線","空港支線",,,"北海道旅客鉄道株式会社",5,1,1,
"鉄道","石勝線",,,,"北海道旅客鉄道株式会社",6,1,1,
"鉄道","石勝線","夕張支線",,,"北海道旅客鉄道株式会社",7,1,1,
"鉄道","室蘭本線",,,,"北海道旅客鉄道株式会社",8,1,1,
"鉄道","室蘭本線","室蘭支線",,,"北海道旅客鉄道株式会社",9,1,1,
"鉄道","日高本線",,,,"北海道旅客鉄道株式会社",10,1,1,
"鉄道","留萌本線",,,,"北海道旅客鉄道株式会社",11,1,1,
"鉄道","富良野線",,,,"北海道旅客鉄道株式会社",12,1,1,
"鉄道","根室本線",,,,"北海道旅客鉄道株式会社",13,1,1,
"鉄道","宗谷本線",,,,"北海道旅客鉄道株式会社",14,1,1,
"鉄道","石北本線",,,,"北海道旅客鉄道株式会社",15,1,1,"#F39700"
"鉄道","釧網本線",,,,"北海道旅客鉄道株式会社",16,1,1,
"鉄道","海峡線",,,,"北海道旅客鉄道株式会社",17,1,1,
"鉄道","北海道新幹線",,,,"北海道旅客鉄道株式会社",18,1,1,
"鉄道","東海道本線","東京～熱海",,,"東日本旅客鉄道株式会社",1,1,,
"鉄道","東海道本線","東京～熱海",,,"東日本旅客鉄道株式会社",2,,1,
"鉄道","東海道本線","品鶴線",,,"東日本旅客鉄道株式会社",3,1,,
"鉄道","横須賀線・総武線快速","直通線",,,"東日本旅客鉄道株式会社",4,,1,
"鉄道","湘南新宿ライン",,,,"東日本旅客鉄道株式会社",5,,1,
"鉄道","東海道本線","相鉄直通線",,,"東日本旅客鉄道株式会社",6,1,,
"鉄道","相鉄・JR直通線","大崎～羽沢横浜国大",,,"東日本旅客鉄道株式会社",7,,1,
"鉄道","山手線",,,,"東日本旅客鉄道株式会社",8,,1,
"鉄道","赤羽線",,,,"東日本旅客鉄道株式会社",9,1,,
"鉄道","南武線",,,,"東日本旅客鉄道株式会社",10,1,1,
"鉄道","南武線","浜川崎支線",,,"東日本旅客鉄道株式会社",11,1,1,
"鉄道","鶴見線",,,,"東日本旅客鉄道株式会社",12,1,1,
"鉄道","鶴見線","芝浦支線",,,"東日本旅客鉄道株式会社",13,1,1,
"鉄道","鶴見線","大川支線",,,"東日本旅客鉄道株式会社",14,1,1,
"鉄道","武蔵野線",,,,"東日本旅客鉄道株式会社",15,1,1,
"鉄道","横浜線",,,,"東日本旅客鉄道株式会社",16,1,1,
"鉄道","根岸線",,,,"東日本旅客鉄道株式会社",17,1,1,
"鉄道","横須賀線",,,,"東日本旅客鉄道株式会社",18,1,1,
"鉄道","相模線",,,,"東日本旅客鉄道株式会社",19,1,1,
"鉄道","伊東線",,,,"東日本旅客鉄道株式会社",20,1,1,
"鉄道","中央本線","神田～代々木",,,"東日本旅客鉄道株式会社",21,1,,
"鉄道","中央線・総武線各駅停車",,,,"東日本旅客鉄道株式会社",22,,1,
"鉄道","中央本線","新宿～塩尻",,,"東日本旅客鉄道株式会社",23,1,,
"鉄道","中央線快速",,,,"東日本旅客鉄道株式会社",24,,1,
"鉄道","中央本線","辰野支線",,,"東日本旅客鉄道株式会社",25,1,1,
"鉄道","青梅線",,,,"東日本旅客鉄道株式会社",26,1,1,
"鉄道","五日市線",,,,"東日本旅客鉄道株式会社",27,1,1,
"鉄道","八高線",,,,"東日本旅客鉄道株式会社",28,1,1,
"鉄道","小海線",,,,"東日本旅客鉄道株式会社",29,1,1,
"鉄道","篠ノ井線",,,,"東日本旅客鉄道株式会社",30,1,1,
"鉄道","大糸線",,,,"東日本旅客鉄道株式会社",31,1,1,
"鉄道","東北本線",,,,"東日本旅客鉄道株式会社",32,1,,
"鉄道","京浜東北線",,,,"東日本旅客鉄道株式会社",33,,1,
"鉄道","上野東京ライン",,,,"東日本旅客鉄道株式会社",34,,1,
"鉄道","東北本線","尾久経由",,,"東日本旅客鉄道株式会社",35,1,,
"鉄道","宇都宮線・高崎線","東京～大宮",,,"東日本旅客鉄道株式会社",36,,1,
"鉄道","埼京線",,,,"東日本旅客鉄道株式会社",37,,1,
"鉄道","東北本線","利府支線",,,"東日本旅客鉄道株式会社",38,1,1,
"鉄道","仙石東北ライン",,,,"東日本旅客鉄道株式会社",39,,1,
"鉄道","東北新幹線",,,,"東日本旅客鉄道株式会社",40,1,1,
"鉄道","常磐線",,,,"東日本旅客鉄道株式会社",41,1,,
"鉄道","常磐線快速",,,,"東日本旅客鉄道株式会社",42,,1,
"鉄道","常磐線各駅停車",,,,"東日本旅客鉄道株式会社",43,,1,
"鉄道","水郡線",,,,"東日本旅客鉄道株式会社",44,1,1,
"鉄道","水郡線","常陸太田支線",,,"東日本旅客鉄道株式会社",45,1,1,
"鉄道","川越線",,,,"東日本旅客鉄道株式会社",46,1,1,
"鉄道","高崎線",,,,"東日本旅客鉄道株式会社",47,1,1,
"鉄道","上越線",,,,"東日本旅客鉄道株式会社",48,1,1,
"鉄道","上越線","ガーラ湯沢支線",,,"東日本旅客鉄道株式会社",49,1,1,
"鉄道","上越新幹線",,,,"東日本旅客鉄道株式会社",50,1,1,
"鉄道","吾妻線",,,,"東日本旅客鉄道株式会社",51,1,1,
"鉄道","両毛線",,,,"東日本旅客鉄道株式会社",52,1,1,
"鉄道","水戸線",,,,"東日本旅客鉄道株式会社",53,1,1,
"鉄道","日光線",,,,"東日本旅客鉄道株式会社",54,1,1,
"鉄道","烏山線",,,,"東日本旅客鉄道株式会社",55,1,1,
"鉄道","仙山線",,,,"東日本旅客鉄道株式会社",56,1,1,
"鉄道","仙石線",,,,"東日本旅客鉄道株式会社",57,1,1,
"鉄道","石巻線",,,,"東日本旅客鉄道株式会社",58,1,1,
"鉄道","気仙沼線",,,,"東日本旅客鉄道株式会社",59,1,1,
"鉄道","大船渡線",,,,"東日本旅客鉄道株式会社",60,1,1,
"鉄道","北上線",,,,"東日本旅客鉄道株式会社",61,1,1,
"鉄道","釜石線",,,,"東日本旅客鉄道株式会社",62,1,1,
"鉄道","田沢湖線",,,,"東日本旅客鉄道株式会社",63,1,1,
"鉄道","秋田新幹線",,,,"東日本旅客鉄道株式会社",64,,1,
"鉄道","山田線",,,,"東日本旅客鉄道株式会社",65,1,1,
"鉄道","花輪線",,,,"東日本旅客鉄道株式会社",66,1,1,
"鉄道","八戸線",,,,"東日本旅客鉄道株式会社",67,1,1,
"鉄道","大湊線",,,,"東日本旅客鉄道株式会社",68,1,1,
"鉄道","磐越東線",,,,"東日本旅客鉄道株式会社",69,1,1,
"鉄道","磐越西線",,,,"東日本旅客鉄道株式会社",70,1,1,
"鉄道","只見線",,,,"東日本旅客鉄道株式会社",71,1,1,
"鉄道","奥羽本線",,,,"東日本旅客鉄道株式会社",72,1,1,
"鉄道","山形新幹線",,,,"東日本旅客鉄道株式会社",73,,1,
"鉄道","米坂線",,,,"東日本旅客鉄道株式会社",74,1,1,
"鉄道","左沢線",,,,"東日本旅客鉄道株式会社",75,1,1,
"鉄道","男鹿線",,,,"東日本旅客鉄道株式会社",76,1,1,
"鉄道","五能線",,,,"東日本旅客鉄道株式会社",77,1,1,
"鉄道","津軽線",,,,"東日本旅客鉄道株式会社",78,1,1,
"鉄道","羽越本線",,,,"東日本旅客鉄道株式会社",79,1,1,
"鉄道","白新線",,,,"東日本旅客鉄道株式会社",80,1,1,
"鉄道","陸羽東線",,,,"東日本旅客鉄道株式会社",81,1,1,
"鉄道","陸羽西線",,,,"東日本旅客鉄道株式会社",82,1,1,
"鉄道","信越本線","高崎～横川",,,"東日本旅客鉄道株式会社",83,1,1,
"鉄道","信越本線","篠ノ井～長野",,,"東日本旅客鉄道株式会社",84,1,1,
"鉄道","信越本線","直江津～新潟",,,"東日本旅客鉄道株式会社",85,1,1,
"鉄道","北陸新幹線",,,,"東日本旅客鉄道株式会社",86,1,1,
"鉄道","飯山線",,,,"東日本旅客鉄道株式会社",87,1,1,
"鉄道","越後線",,,,"東日本旅客鉄道株式会社",88,1,1,
"鉄道","弥彦線",,,,"東日本旅客鉄道株式会社",89,1,1,
"鉄道","総武本線",,,,"東日本旅客鉄道株式会社",90,1,,
"鉄道","総武線快速",,,,"東日本旅客鉄道株式会社",91,,1,
"鉄道","総武本線","総武緩行線",,,"東日本旅客鉄道株式会社",92,1,,
"鉄道","外房線",,,,"東日本旅客鉄道株式会社",93,1,1,
"鉄道","内房線",,,,"東日本旅客鉄道株式会社",94,1,1,
"鉄道","京葉線",,,,"東日本旅客鉄道株式会社",95,1,1,
"鉄道","京葉線","高谷支線",,,"東日本旅客鉄道株式会社",96,1,1,
"鉄道","京葉線","二俣支線",,,"東日本旅客鉄道株式会社",97,1,1,
"鉄道","成田線",,,,"東日本旅客鉄道株式会社",98,1,1,
"鉄道","成田線","我孫子支線",,,"東日本旅客鉄道株式会社",99,1,1,
"鉄道","成田線","空港支線",,,"東日本旅客鉄道株式会社",100,1,1,
"鉄道","鹿島線",,,,"東日本旅客鉄道株式会社",101,1,1,
"鉄道","久留里線",,,,"東日本旅客鉄道株式会社",102,1,1,
"鉄道","東金線",,,,"東日本旅客鉄道株式会社",103,1,1,
"鉄道","東海道本線",,,,"東海旅客鉄道株式会社",1,1,1,
"鉄道","東海道本線","垂井線",,,"東海旅客鉄道株式会社",2,1,1,
"鉄道","東海道本線","美濃赤坂線",,,"東海旅客鉄道株式会社",3,1,1,
"鉄道","東海道新幹線",,,,"東海旅客鉄道株式会社",4,1,1,
"鉄道","御殿場線",,,,"東海旅客鉄道株式会社",5,1,1,
"鉄道","身延線",,,,"東海旅客鉄道株式会社",6,1,1,
"鉄道","飯田線",,,,"東海旅客鉄道株式会社",7,1,1,
"鉄道","武豊線",,,,"東海旅客鉄道株式会社",8,1,1,
"鉄道","高山本線",,,,"東海旅客鉄道株式会社",9,1,1,
"鉄道","中央本線",,,,"東海旅客鉄道株式会社",10,1,1,
"鉄道","太多線",,,,"東海旅客鉄道株式会社",11,1,1,
"鉄道","関西本線",,,,"東海旅客鉄道株式会社",12,1,1,
"鉄道","紀勢本線",,,,"東海旅客鉄道株式会社",13,1,1,
"鉄道","名松線",,,,"東海旅客鉄道株式会社",14,1,1,
"鉄道","参宮線",,,,"東海旅客鉄道株式会社",15,1,1,
"鉄道","東海道本線",,,,"西日本旅客鉄道株式会社",1,1,1,
"鉄道","湖西線",,,,"西日本旅客鉄道株式会社",2,,1,
"鉄道","大阪環状線",,,,"西日本旅客鉄道株式会社",3,1,1,
"鉄道","桜島線",,,,"西日本旅客鉄道株式会社",4,1,1,
"鉄道","福知山線",,,,"西日本旅客鉄道株式会社",5,1,1,
"鉄道","JR宝塚線",,,,"西日本旅客鉄道株式会社",6,,1,
"鉄道","北陸本線",,,,"西日本旅客鉄道株式会社",7,1,1,
"鉄道","北陸新幹線",,,,"西日本旅客鉄道株式会社",8,1,1,
"鉄道","小浜線",,,,"西日本旅客鉄道株式会社",9,1,1,
"鉄道","越美北線",,,,"西日本旅客鉄道株式会社",10,1,1,
"鉄道","七尾線",,,,"西日本旅客鉄道株式会社",11,1,1,
"鉄道","城端線",,,,"西日本旅客鉄道株式会社",12,1,1,
"鉄道","氷見線",,,,"西日本旅客鉄道株式会社",13,1,1,
"鉄道","高山本線",,,,"西日本旅客鉄道株式会社",14,1,1,
"鉄道","大糸線",,,,"西日本旅客鉄道株式会社",15,1,1,
"鉄道","山陽本線",,,,"西日本旅客鉄道株式会社",16,1,1,
"鉄道","山陽本線","和田岬線",,,"西日本旅客鉄道株式会社",17,1,1,
"鉄道","山陽新幹線",,,,"西日本旅客鉄道株式会社",18,1,1,
"鉄道","加古川線",,,,"西日本旅客鉄道株式会社",19,1,1,
"鉄道","播但線",,,,"西日本旅客鉄道株式会社",20,1,1,
"鉄道","姫新線",,,,"西日本旅客鉄道株式会社",21,1,1,
"鉄道","赤穂線",,,,"西日本旅客鉄道株式会社",22,1,1,
"鉄道","津山線",,,,"西日本旅客鉄道株式会社",23,1,1,
"鉄道","吉備線",,,,"西日本旅客鉄道株式会社",24,1,1,
"鉄道","宇野線",,,,"西日本旅客鉄道株式会社",25,1,1,
"鉄道","本四備讃線",,,,"西日本旅客鉄道株式会社",26,1,1,
"鉄道","伯備線",,,,"西日本旅客鉄道株式会社",27,1,1,
"鉄道","芸備線",,,,"西日本旅客鉄道株式会社",28,1,1,
"鉄道","福塩線",,,,"西日本旅客鉄道株式会社",29,1,1,
"鉄道","呉線",,,,"西日本旅客鉄道株式会社",30,1,1,
"鉄道","可部線",,,,"西日本旅客鉄道株式会社",31,1,1,
"鉄道","岩徳線",,,,"西日本旅客鉄道株式会社",32,1,1,
"鉄道","山口線",,,,"西日本旅客鉄道株式会社",33,1,1,
"鉄道","宇部線",,,,"西日本旅客鉄道株式会社",34,1,1,
"鉄道","小野田線",,,,"西日本旅客鉄道株式会社",35,1,1,
"鉄道","小野田線","本山支線",,,"西日本旅客鉄道株式会社",36,1,1,
"鉄道","美祢線",,,,"西日本旅客鉄道株式会社",37,1,1,
"鉄道","山陰本線",,,,"西日本旅客鉄道株式会社",38,1,1,
"鉄道","山陰本線","仙崎支線",,,"西日本旅客鉄道株式会社",39,1,1,
"鉄道","舞鶴線",,,,"西日本旅客鉄道株式会社",40,1,1,
"鉄道","因美線",,,,"西日本旅客鉄道株式会社",41,1,1,
"鉄道","境線",,,,"西日本旅客鉄道株式会社",42,1,1,
"鉄道","木次線",,,,"西日本旅客鉄道株式会社",43,1,1,
"鉄道","関西本線",,,,"西日本旅客鉄道株式会社",44,1,1,
"鉄道","草津線",,,,"西日本旅客鉄道株式会社",45,1,1,
"鉄道","奈良線",,,,"西日本旅客鉄道株式会社",46,,1,
"鉄道","桜井線",,,,"西日本旅客鉄道株式会社",47,1,1,
"鉄道","片町線",,,,"西日本旅客鉄道株式会社",48,1,1,
"鉄道","阪和線",,,,"西日本旅客鉄道株式会社",49,1,1,
"鉄道","阪和線","羽衣支線",,,"西日本旅客鉄道株式会社",50,1,1,
"鉄道","紀勢本線",,,,"西日本旅客鉄道株式会社",51,1,1,
"鉄道","和歌山線",,,,"西日本旅客鉄道株式会社",52,1,1,
"鉄道","博多南線",,,,"西日本旅客鉄道株式会社",53,1,1,
"鉄道","関西空港線",,,,"西日本旅客鉄道株式会社",54,1,1,
"鉄道","JR東西線",,,,"西日本旅客鉄道株式会社",55,1,1,
"鉄道","おおさか東線",,,,"西日本旅客鉄道株式会社",56,1,1,
"鉄道","本四備讃線",,,,"四国旅客鉄道株式会社",1,1,1,
"鉄道","予讃線","高松～松山",,,"四国旅客鉄道株式会社",2,,1,
"鉄道","予讃線","松山～宇和島[内子線経由]",,,"四国旅客鉄道株式会社",3,,1,
"鉄道","予讃線","向井原～伊予大洲[愛ある伊予灘線]",,,"四国旅客鉄道株式会社",4,,1,
"鉄道","予土線",,,,"四国旅客鉄道株式会社",5,,1,
"鉄道","高徳線",,,,"四国旅客鉄道株式会社",6,1,1,
"鉄道","土讃線",,,,"四国旅客鉄道株式会社",7,1,1,
"鉄道","鳴門線",,,,"四国旅客鉄道株式会社",8,1,1,
"鉄道","徳島線",,,,"四国旅客鉄道株式会社",9,,1,
"鉄道","牟岐線",,,,"四国旅客鉄道株式会社",10,1,1,
"鉄道","山陽本線",,,,"九州旅客鉄道株式会社",1,,1,
"鉄道","鹿児島本線","門司港～八代",,,"九州旅客鉄道株式会社",2,1,1,
"鉄道","鹿児島本線","川内～鹿児島",,,"九州旅客鉄道株式会社",3,1,1,
"鉄道","香椎線",,,,"九州旅客鉄道株式会社",4,1,1,
"鉄道","篠栗線",,,,"九州旅客鉄道株式会社",5,1,1,
"鉄道","三角線",,,,"九州旅客鉄道株式会社",6,1,1,
"鉄道","肥薩線",,,,"九州旅客鉄道株式会社",7,1,1,
"鉄道","指宿枕崎線",,,,"九州旅客鉄道株式会社",8,1,1,
"鉄道","長崎本線",,,,"九州旅客鉄道株式会社",9,1,1,
"鉄道","長崎本線","旧線",,,"九州旅客鉄道株式会社",10,1,1,
"鉄道","唐津線",,,,"九州旅客鉄道株式会社",11,1,1,
"鉄道","筑肥線","姪浜～唐津",,,"九州旅客鉄道株式会社",12,1,1,
"鉄道","筑肥線","山本～伊万里",,,"九州旅客鉄道株式会社",13,1,1,
"鉄道","佐世保線",,,,"九州旅客鉄道株式会社",14,1,1,
"鉄道","大村線",,,,"九州旅客鉄道株式会社",15,1,1,
"鉄道","久大本線",,,,"九州旅客鉄道株式会社",16,1,1,
"鉄道","豊肥本線",,,,"九州旅客鉄道株式会社",17,1,1,
"鉄道","日豊本線",,,,"九州旅客鉄道株式会社",18,1,1,
"鉄道","日田彦山線",,,,"九州旅客鉄道株式会社",19,,1,
"鉄道","日南線",,,,"九州旅客鉄道株式会社",20,1,1,
"鉄道","吉都線",,,,"九州旅客鉄道株式会社",21,1,1,
"鉄道","筑豊本線","若松線",,,"九州旅客鉄道株式会社",22,,1,
"鉄道","筑豊本線","福北ゆたか線",,,"九州旅客鉄道株式会社",23,,1,
"鉄道","筑豊本線","原田線",,,"九州旅客鉄道株式会社",24,,1,
"鉄道","後藤寺線",,,,"九州旅客鉄道株式会社",25,1,1,
"鉄道","宮崎空港線",,,,"九州旅客鉄道株式会社",26,1,1,
"鉄道","九州新幹線",,,,"九州旅客鉄道株式会社",27,1,1,
"鉄道","道南いさりび鉄道線",,,,"道南いさりび鉄道株式会社",1,1,1,
"鉄道","津軽鉄道線",,,,"津軽鉄道株式会社",1,1,1,
"鉄道","弘南線",,,,"弘南鉄道株式会社",1,1,1,
"鉄道","大鰐線",,,,"弘南鉄道株式会社",2,1,1,
"鉄道","青い森鉄道線",,,,"青い森鉄道株式会社",1,1,1,
"鉄道","八戸臨海鉄道線",,,,"八戸臨海鉄道株式会社",1,1,1,
"鉄道","いわて銀河鉄道線",,,,"IGRいわて銀河鉄道株式会社",1,1,1,
"鉄道","日頃市線",,,,"岩手開発鉄道株式会社",1,1,1,
"鉄道","赤崎線",,,,"岩手開発鉄道株式会社",2,1,1,
"鉄道","北リアス線",,,,"三陸鉄道株式会社",1,1,1,
"鉄道","南リアス線",,,,"三陸鉄道株式会社",2,1,1,
"鉄道","リアス線",,,,"三陸鉄道株式会社",3,1,1,
"鉄道","南北線",,,,"仙台市交通局",1,1,1,
"鉄道","東西線",,,,"仙台市交通局",2,1,1,
"鉄道","仙台空港線",,,,"仙台空港鉄道株式会社",1,1,1,
"鉄道","臨海本線",,,,"仙台臨海鉄道株式会社",1,1,1,
"鉄道","仙台埠頭線",,,,"仙台臨海鉄道株式会社",2,1,1,
"鉄道","仙台西港線",,,,"仙台臨海鉄道株式会社",3,1,1,
"鉄道","鳥海山ろく線",,,,"由利高原鉄道株式会社",1,1,1,
"鉄道","秋田内陸線",,,,"秋田内陸縦貫鉄道株式会社",1,1,1,
"鉄道","南線",,,,"秋田臨海鉄道株式会社",1,1,1,
"鉄道","北線",,,,"秋田臨海鉄道株式会社",2,1,1,
"鉄道","フラワー長井線",,,,"山形鉄道株式会社",1,1,1,
"鉄道","阿武隈急行線",,,,"阿武隈急行株式会社",1,1,1,
"鉄道","飯坂線",,,,"福島交通株式会社",1,1,1,
"鉄道","会津線",,,,"会津鉄道株式会社",1,1,1,
"鉄道","福島臨海鉄道本線",,,,"福島臨海鉄道株式会社",1,1,1,
"鉄道","ほくほく線",,,,"北越急行株式会社",1,1,1,
"鉄道","妙高はねうまライン",,,,"えちごトキメキ鉄道株式会社",1,1,1,
"鉄道","日本海ひすいライン",,,,"えちごトキメキ鉄道株式会社",2,1,1,
"鉄道","長野線",,,,"長野電鉄株式会社",1,1,1,
"鉄道","しなの鉄道線",,,,"しなの鉄道株式会社",1,1,1,
"鉄道","北しなの線",,,,"しなの鉄道株式会社",2,1,1,
"鉄道","別所線",,,,"上田電鉄株式会社",1,1,1,
"鉄道","上高地線",,,,"アルピコ交通株式会社",1,1,1,
"鉄道","新湊港線",,,,"万葉線株式会社",1,1,1,
"鉄道","高岡軌道線",,,,"万葉線株式会社",2,1,1,
"鉄道","本線",,,,"黒部渓谷鉄道株式会社",1,1,1,
"鉄道","富山港線",,,,"富山地方鉄道株式会社",5,1,1,
"鉄道","本線","鉄道",,,"富山地方鉄道株式会社",1,1,1,
"鉄道","立山線",,,,"富山地方鉄道株式会社",2,1,1,
"鉄道","不二越線",,,,"富山地方鉄道株式会社",3,1,1,
"鉄道","上滝線",,,,"富山地方鉄道株式会社",4,1,1,
"鉄道","本線","市内電車",,,"富山地方鉄道株式会社",6,1,,
"鉄道","支線",,,,"富山地方鉄道株式会社",7,1,,
"鉄道","安野屋線",,,,"富山地方鉄道株式会社",8,1,,
"鉄道","呉羽線",,,,"富山地方鉄道株式会社",9,1,,
"鉄道","富山都心線",,,,"富山地方鉄道株式会社",10,1,,
"鉄道","富山駅南北接続線",,,,"富山地方鉄道株式会社",11,1,,
"鉄道","1系統",,,,"富山地方鉄道株式会社",12,,1,
"鉄道","2系統",,,,"富山地方鉄道株式会社",13,,1,
"鉄道","3系統",,,,"富山地方鉄道株式会社",14,,1,
"鉄道","あいの風とやま鉄道線",,,,"あいの風とやま鉄道株式会社",1,1,1,
"鉄道","七尾線",,,,"のと鉄道株式会社",1,1,1,
"鉄道","浅野川線",,,,"北陸鉄道株式会社",1,1,1,
"鉄道","石川線",,,,"北陸鉄道株式会社",2,1,1,
"鉄道","IRいしかわ鉄道線",,,,"IRいしかわ鉄道株式会社",1,1,1,
"鉄道","竜ヶ崎線",,,,"関東鉄道株式会社",1,1,1,
"鉄道","常総線",,,,"関東鉄道株式会社",2,1,1,
"鉄道","鹿島臨港線",,,,"鹿島臨海鉄道株式会社",1,1,1,
"鉄道","大洗鹿島線",,,,"鹿島臨海鉄道株式会社",2,1,1,
"鉄道","湊線",,,,"ひたちなか海浜鉄道株式会社",1,1,1,
"鉄道","真岡線",,,,"真岡鐵道株式会社",1,1,1,
"鉄道","会津鬼怒川線",,,,"野岩鉄道株式会社",1,1,1,
"鉄道","上毛線",,,,"上毛電気鉄道株式会社",1,1,1,
"鉄道","上信線",,,,"上信電鉄",1,1,1,
"鉄道","わたらせ渓谷線",,,,"わたらせ渓谷鐵道株式会社",1,1,1,
"鉄道","秩父本線",,,,"秩父鉄道株式会社",1,1,1,
"鉄道","三ヶ尻線",,,,"秩父鉄道株式会社",2,1,1,
"鉄道","銚子電気鉄道線",,,,"銚子電気鉄道株式会社",1,1,1,
"鉄道","小湊鉄道線",,,,"小湊鉄道株式会社",1,1,1,
"鉄道","いすみ線",,,,"いすみ鉄道株式会社",1,1,1,
"鉄道","臨海本線",,,,"京葉臨海鉄道株式会社",1,1,1,
"鉄道","臨海本線","京葉市原支線",,,"京葉臨海鉄道株式会社",2,1,1,
"鉄道","臨海本線","京葉久保田支線",,,"京葉臨海鉄道株式会社",3,1,1,
"鉄道","流山線",,,,"流鉄株式会社",1,1,1,
"鉄道","東葉高速線",,,,"東葉高速鉄道株式会社",1,1,1,
"鉄道","新京成線",,,,"新京成電鉄株式会社",1,1,1,
"鉄道","北総線",,,,"北総鉄道株式会社",1,1,1,
"鉄道","芝山鉄道線",,,,"芝山鉄道株式会社",1,1,1,
"鉄道","埼玉高速鉄道線",,,,"埼玉高速鉄道株式会社",1,1,1,
"鉄道","つくばエクスプレス線",,,,"首都圏新都市鉄道株式会社",1,1,1,
"鉄道","伊勢崎線",,,,"東武鉄道株式会社",1,1,1,
"鉄道","亀戸線",,,,"東武鉄道株式会社",2,1,1,
"鉄道","大師線",,,,"東武鉄道株式会社",3,1,1,
"鉄道","桐生線",,,,"東武鉄道株式会社",4,1,1,
"鉄道","小泉線","館林～西小泉",,,"東武鉄道株式会社",5,1,1,
"鉄道","小泉線","太田～東小泉",,,"東武鉄道株式会社",6,1,1,
"鉄道","佐野線",,,,"東武鉄道株式会社",7,1,1,
"鉄道","日光線",,,,"東武鉄道株式会社",8,1,1,
"鉄道","鬼怒川線",,,,"東武鉄道株式会社",9,1,1,
"鉄道","宇都宮線",,,,"東武鉄道株式会社",10,1,1,
"鉄道","野田線",,,,"東武鉄道株式会社",11,1,1,
"鉄道","東上線",,,,"東武鉄道株式会社",12,1,1,
"鉄道","越生線",,,,"東武鉄道株式会社",13,1,1,
"鉄道","池袋線",,,,"西武鉄道株式会社",1,1,1,
"鉄道","西武秩父線",,,,"西武鉄道株式会社",2,1,1,
"鉄道","新宿線",,,,"西武鉄道株式会社",3,1,1,
"鉄道","西武園線",,,,"西武鉄道株式会社",4,1,1,
"鉄道","国分寺線",,,,"西武鉄道株式会社",5,1,1,
"鉄道","多摩湖線",,,,"西武鉄道株式会社",6,1,1,
"鉄道","西武有楽町線",,,,"西武鉄道株式会社",7,1,1,
"鉄道","豊島線",,,,"西武鉄道株式会社",8,1,1,
"鉄道","狭山線",,,,"西武鉄道株式会社",9,1,1,
"鉄道","拝島線",,,,"西武鉄道株式会社",10,1,1,
"鉄道","多摩川線",,,,"西武鉄道株式会社",11,1,1,
"鉄道","山口線",,,,"西武鉄道株式会社",12,1,1,
"鉄道","本線",,,,"京成電鉄株式会社",1,1,1,
"鉄道","東成田線",,,,"京成電鉄株式会社",2,1,1,
"鉄道","押上線",,,,"京成電鉄株式会社",3,1,1,
"鉄道","千葉線",,,,"京成電鉄株式会社",4,1,1,
"鉄道","千原線",,,,"京成電鉄株式会社",5,1,1,
"鉄道","金町線",,,,"京成電鉄株式会社",6,1,1,
"鉄道","成田空港線",,,,"京成電鉄株式会社",7,1,1,
"鉄道","京王線",,,,"京王電鉄株式会社",1,,1,
"鉄道","京王新線",,,,"京王電鉄株式会社",2,,1,
"鉄道","相模原線",,,,"京王電鉄株式会社",3,1,1,
"鉄道","高尾線",,,,"京王電鉄株式会社",4,1,1,
"鉄道","競馬場線",,,,"京王電鉄株式会社",5,1,1,
"鉄道","動物園線",,,,"京王電鉄株式会社",6,1,1,
"鉄道","井の頭線",,,,"京王電鉄株式会社",7,1,1,
"鉄道","東横線",,,,"東京急行電鉄株式会社",1,1,1,
"鉄道","目黒線",,,,"東京急行電鉄株式会社",2,,1,
"鉄道","田園都市線",,,,"東京急行電鉄株式会社",3,1,1,
"鉄道","大井町線",,,,"東京急行電鉄株式会社",4,,1,
"鉄道","東急多摩川線",,,,"東京急行電鉄株式会社",5,1,1,
"鉄道","池上線",,,,"東京急行電鉄株式会社",6,1,1,
"鉄道","こどもの国線",,,,"東京急行電鉄株式会社",7,1,1,
"鉄道","世田谷線",,,,"東京急行電鉄株式会社",8,1,1,
"鉄道","本線",,,,"京浜急行電鉄株式会社",9,1,1,
"鉄道","空港線",,,,"京浜急行電鉄株式会社",10,1,1,
"鉄道","大師線",,,,"京浜急行電鉄株式会社",11,1,1,
"鉄道","逗子線",,,,"京浜急行電鉄株式会社",12,1,1,
"鉄道","久里浜線",,,,"京浜急行電鉄株式会社",13,1,1,
"鉄道","銀座線",,,,"東京地下鉄株式会社",1,1,1,
"鉄道","丸ノ内線",,,,"東京地下鉄株式会社",2,1,1,
"鉄道","丸ノ内線","方南町支線",,,"東京地下鉄株式会社",3,1,1,
"鉄道","日比谷線",,,,"東京地下鉄株式会社",4,1,1,
"鉄道","東西線",,,,"東京地下鉄株式会社",5,1,1,
"鉄道","千代田線",,,,"東京地下鉄株式会社",6,1,1,
"鉄道","千代田線","北綾瀬支線",,,"東京地下鉄株式会社",7,1,1,
"鉄道","有楽町線",,,,"東京地下鉄株式会社",8,1,1,
"鉄道","半蔵門線",,,,"東京地下鉄株式会社",9,1,1,
"鉄道","南北線",,,,"東京地下鉄株式会社",10,1,1,
"鉄道","副都心線",,,,"東京地下鉄株式会社",11,1,1,
"鉄道","小田原線",,,,"小田急電鉄株式会社",1,1,1,
"鉄道","江ノ島線",,,,"小田急電鉄株式会社",2,1,1,
"鉄道","多摩線",,,,"小田急電鉄株式会社",3,1,1,
"鉄道","浅草線",,,,"東京都（交通局）",1,1,1,
"鉄道","三田線",,,,"東京都（交通局）",2,1,1,
"鉄道","新宿線",,,,"東京都（交通局）",3,1,1,
"鉄道","大江戸線",,,,"東京都（交通局）",4,1,1,
"鉄道","上野懸垂線",,,,"東京都（交通局）",5,1,1,
"鉄道","荒川線",,,,"東京都（交通局）",6,1,1,
"鉄道","日暮里・舎人ライナー",,,,"東京都（交通局）",7,1,1,
"鉄道","りんかい線",,,,"東京臨海高速鉄道株式会社",1,1,1,
"鉄道","みなとみらい線",,,,"横浜高速鉄道株式会社",1,1,1,
"鉄道","江ノ島電鉄線",,,,"江ノ島電鉄株式会社",1,1,1,
"鉄道","鉄道線",,,,"箱根登山鉄道株式会社",1,1,1,
"鉄道","鋼索線",,,,"箱根登山鉄道株式会社",2,1,1,
"鉄道","新横浜線",,,,"相模鉄道株式会社",4,1,1,
"鉄道","本線",,,,"相模鉄道株式会社",1,1,1,
"鉄道","厚木線",,,,"相模鉄道株式会社",2,1,1,
"鉄道","いずみ野線",,,,"相模鉄道株式会社",3,1,1,
"鉄道","大雄山線",,,,"伊豆箱根鉄道株式会社",1,1,1,
"鉄道","駿豆線",,,,"伊豆箱根鉄道株式会社",2,1,1,
"鉄道","十国鋼索線",,,,"伊豆箱根鉄道株式会社",3,1,1,
"鉄道","千鳥線",,,,"神奈川臨海鉄道株式会社",1,1,1,
"鉄道","浮島線",,,,"神奈川臨海鉄道株式会社",2,1,1,
"鉄道","本牧線",,,,"神奈川臨海鉄道株式会社",3,1,1,
"鉄道","ブルーライン",,,,"横浜市（交通局）",1,1,1,
"鉄道","グリーンライン",,,,"横浜市（交通局）",2,1,1,
"鉄道","大月線",,,,"富士急行株式会社",1,1,1,
"鉄道","河口湖線",,,,"富士急行株式会社",2,1,1,
"鉄道","伊豆急行線",,,,"伊豆急行株式会社",1,1,1,
"鉄道","岳南線",,,,"岳南電車株式会社",1,1,1,
"鉄道","静岡清水線",,,,"静岡鉄道株式会社",1,1,1,
"鉄道","大井川本線",,,,"大井川鐵道株式会社",1,1,1,
"鉄道","井川線",,,,"大井川鐵道株式会社",2,1,1,
"鉄道","鉄道線",,,,"遠州鉄道株式会社",1,1,1,
"鉄道","天竜浜名湖線",,,,"天竜浜名湖鉄道株式会社",1,1,1,
"鉄道","半田線",,,,"衣浦臨海鉄道株式会社",1,1,1,
"鉄道","碧南線",,,,"衣浦臨海鉄道株式会社",2,1,1,
"鉄道","渥美線",,,,"豊橋鉄道株式会社",1,1,1,
"鉄道","東田本線",,,,"豊橋鉄道株式会社",2,1,1,
"鉄道","東田本線","支線",,,"豊橋鉄道株式会社",3,1,1,
"鉄道","あおなみ線",,,,"名古屋臨海高速鉄道株式会社",1,1,1,
"鉄道","愛知環状鉄道線",,,,"愛知環状鉄道株式会社",1,1,1,
"鉄道","名古屋本線",,,,"名古屋鉄道株式会社",1,1,1,
"鉄道","西尾線",,,,"名古屋鉄道株式会社",2,1,1,
"鉄道","三河線",,,,"名古屋鉄道株式会社",3,1,1,
"鉄道","豊田線",,,,"名古屋鉄道株式会社",4,1,1,
"鉄道","蒲郡線",,,,"名古屋鉄道株式会社",5,1,1,
"鉄道","常滑線",,,,"名古屋鉄道株式会社",6,1,1,
"鉄道","築港線",,,,"名古屋鉄道株式会社",7,1,1,
"鉄道","河和線",,,,"名古屋鉄道株式会社",8,1,1,
"鉄道","知多新線",,,,"名古屋鉄道株式会社",9,1,1,
"鉄道","瀬戸線",,,,"名古屋鉄道株式会社",10,1,1,
"鉄道","小牧線",,,,"名古屋鉄道株式会社",11,1,1,
"鉄道","各務原線",,,,"名古屋鉄道株式会社",12,1,1,
"鉄道","犬山線",,,,"名古屋鉄道株式会社",13,1,1,
"鉄道","広見線",,,,"名古屋鉄道株式会社",14,1,1,
"鉄道","津島線",,,,"名古屋鉄道株式会社",15,1,1,
"鉄道","尾西線",,,,"名古屋鉄道株式会社",16,1,1,
"鉄道","竹鼻線",,,,"名古屋鉄道株式会社",17,1,1,
"鉄道","羽島線",,,,"名古屋鉄道株式会社",18,1,1,
"鉄道","空港線",,,,"名古屋鉄道株式会社",19,1,1,
"鉄道","豊川線",,,,"名古屋鉄道株式会社",20,1,1,
"鉄道","東山線",,,,"名古屋市（交通局）",1,1,1,
"鉄道","名城線",,,,"名古屋市（交通局）",2,1,1,
"鉄道","名港線",,,,"名古屋市（交通局）",3,1,1,
"鉄道","鶴舞線",,,,"名古屋市（交通局）",4,1,1,
"鉄道","桜通線",,,,"名古屋市（交通局）",5,1,1,
"鉄道","上飯田線",,,,"名古屋市（交通局）",6,1,1,
"鉄道","東港線",,,,"名古屋臨海鉄道株式会社",1,1,1,
"鉄道","昭和町線",,,,"名古屋臨海鉄道株式会社",2,1,1,
"鉄道","汐見町線",,,,"名古屋臨海鉄道株式会社",3,1,1,
"鉄道","南港線",,,,"名古屋臨海鉄道株式会社",4,1,1,
"鉄道","東築線",,,,"名古屋臨海鉄道株式会社",5,1,1,
"鉄道","城北線",,,,"株式会社東海交通事業",1,1,1,
"鉄道","三岐貨物線",,,,"三岐鉄道株式会社",2,1,1,
"鉄道","三岐線",,,,"三岐鉄道株式会社",1,1,1,
"鉄道","北勢線",,,,"三岐鉄道株式会社",3,1,1,
"鉄道","伊勢線",,,,"伊勢鉄道株式会社",1,1,1,
"鉄道","内部線",,,,"四日市あすなろう鉄道株式会社",1,1,1,
"鉄道","八王子線",,,,"四日市あすなろう鉄道株式会社",2,1,1,
"鉄道","伊賀線",,,,"伊賀鉄道株式会社",1,1,1,
"鉄道","養老線",,,,"養老鉄道株式会社",1,1,1,
"鉄道","市橋線",,,,"西濃鉄道株式会社",1,1,1,
"鉄道","樽見線",,,,"樽見鉄道株式会社",1,1,1,
"鉄道","明知線",,,,"明知鉄道株式会社",1,1,1,
"鉄道","越美南線",,,,"長良川鉄道株式会社",1,1,1,
"鉄道","勝山永平寺線",,,,"えちぜん鉄道株式会社",1,1,1,
"鉄道","三国芦原線",,,,"えちぜん鉄道株式会社",1,1,1,
"鉄道","福武線",,,,"福井鉄道株式会社",1,1,1,
"鉄道","福武線","駅前線",,,"福井鉄道株式会社",2,1,1,
"鉄道","信楽線",,,,"信楽高原鐵道株式会社",1,1,1,
"鉄道","本線",,,,"近江鉄道株式会社",1,1,1,
"鉄道","多賀線",,,,"近江鉄道株式会社",2,1,1,
"鉄道","八日市線",,,,"近江鉄道株式会社",3,1,1,
"鉄道","叡山本線",,,,"叡山電鉄株式会社",1,1,1,
"鉄道","鞍馬線",,,,"叡山電鉄株式会社",2,1,1,
"鉄道","烏丸線",,,,"京都市（交通局）",1,1,1,
"鉄道","東西線",,,,"京都市（交通局）",2,1,1,
"鉄道","嵯峨野観光線",,,,"嵯峨野観光鉄道株式会社",1,1,1,
"鉄道","宮福線",,,,"WILLER TRAINS株式会社",1,1,1,
"鉄道","宮舞線",,,,"WILLER TRAINS株式会社",2,1,1,
"鉄道","宮豊線",,,,"WILLER TRAINS株式会社",3,1,1,
"鉄道","泉北高速鉄道線",,,,"泉北高速鉄道株式会社",1,1,1,
"鉄道","南北線",,,,"北大阪急行電鉄株式会社",1,1,1,
"鉄道","南港ポートタウン線",,,,"大阪市高速電気軌道株式会社",9,1,1,
"鉄道","御堂筋線",,,,"大阪市高速電気軌道株式会社",1,1,1,
"鉄道","谷町線",,,,"大阪市高速電気軌道株式会社",2,1,1,
"鉄道","四つ橋線",,,,"大阪市高速電気軌道株式会社",3,1,1,
"鉄道","中央線",,,,"大阪市高速電気軌道株式会社",4,1,1,
"鉄道","千日前線",,,,"大阪市高速電気軌道株式会社",5,1,1,
"鉄道","堺筋線",,,,"大阪市高速電気軌道株式会社",6,1,1,
"鉄道","長堀鶴見緑地線",,,,"大阪市高速電気軌道株式会社",7,1,1,
"鉄道","今里筋線",,,,"大阪市高速電気軌道株式会社",8,1,1,
"鉄道","大阪線",,,,"近畿日本鉄道株式会社",1,1,1,
"鉄道","難波線",,,,"近畿日本鉄道株式会社",2,1,1,
"鉄道","山田線",,,,"近畿日本鉄道株式会社",3,1,1,
"鉄道","奈良線",,,,"近畿日本鉄道株式会社",4,,1,
"鉄道","けいはんな線",,,,"近畿日本鉄道株式会社",5,1,1,
"鉄道","橿原線",,,,"近畿日本鉄道株式会社",6,1,1,
"鉄道","天理線",,,,"近畿日本鉄道株式会社",7,1,1,
"鉄道","信貴線",,,,"近畿日本鉄道株式会社",8,1,1,
"鉄道","南大阪線",,,,"近畿日本鉄道株式会社",9,1,1,
"鉄道","吉野線",,,,"近畿日本鉄道株式会社",10,1,1,
"鉄道","長野線",,,,"近畿日本鉄道株式会社",11,1,1,
"鉄道","京都線",,,,"近畿日本鉄道株式会社",12,1,1,
"鉄道","生駒線",,,,"近畿日本鉄道株式会社",13,1,1,
"鉄道","田原本線",,,,"近畿日本鉄道株式会社",14,1,1,
"鉄道","道明寺線",,,,"近畿日本鉄道株式会社",15,1,1,
"鉄道","御所線",,,,"近畿日本鉄道株式会社",16,1,1,
"鉄道","名古屋線",,,,"近畿日本鉄道株式会社",17,1,1,
"鉄道","鈴鹿線",,,,"近畿日本鉄道株式会社",18,1,1,
"鉄道","湯の山線",,,,"近畿日本鉄道株式会社",19,1,1,
"鉄道","志摩線",,,,"近畿日本鉄道株式会社",20,1,1,
"鉄道","鳥羽線",,,,"近畿日本鉄道株式会社",21,1,1,
"鉄道","生駒鋼索線",,,,"近畿日本鉄道株式会社",22,1,1,
"鉄道","西信貴鋼索線",,,,"近畿日本鉄道株式会社",23,1,1,
"鉄道","南海本線",,,,"南海電気鉄道株式会社",1,1,1,
"鉄道","高師浜線",,,,"南海電気鉄道株式会社",2,1,1,
"鉄道","空港線",,,,"南海電気鉄道株式会社",3,1,1,
"鉄道","多奈川線",,,,"南海電気鉄道株式会社",4,1,1,
"鉄道","加太線",,,,"南海電気鉄道株式会社",5,1,1,
"鉄道","和歌山港線",,,,"南海電気鉄道株式会社",6,1,1,
"鉄道","高野線",,,,"南海電気鉄道株式会社",7,1,1,
"鉄道","鋼索線",,,,"南海電気鉄道株式会社",8,1,1,
"鉄道","交野線",,,,"京阪電気鉄道株式会社",1,1,1,
"鉄道","京阪本線",,,,"京阪電気鉄道株式会社",2,1,1,
"鉄道","宇治線",,,,"京阪電気鉄道株式会社",3,1,1,
"鉄道","鴨東線",,,,"京阪電気鉄道株式会社",4,1,1,
"鉄道","中之島線",,,,"京阪電気鉄道株式会社",5,1,1,
"鉄道","鋼索線",,,,"京阪電気鉄道株式会社",6,1,1,
"鉄道","本線",,,,"阪神電気鉄道株式会社",1,1,1,
"鉄道","阪神なんば線",,,,"阪神電気鉄道株式会社",2,1,1,
"鉄道","武庫川線",,,,"阪神電気鉄道株式会社",3,1,1,
"鉄道","神戸高速線",,,,"阪神電気鉄道株式会社",4,1,1,
"鉄道","京都線",,,,"阪急電鉄株式会社",1,1,1,
"鉄道","千里線",,,,"阪急電鉄株式会社",2,1,1,
"鉄道","嵐山線",,,,"阪急電鉄株式会社",3,1,1,
"鉄道","神戸線",,,,"阪急電鉄株式会社",4,1,1,
"鉄道","今津線",,,,"阪急電鉄株式会社",5,1,1,
"鉄道","伊丹線",,,,"阪急電鉄株式会社",6,1,1,
"鉄道","甲陽線",,,,"阪急電鉄株式会社",7,1,1,
"鉄道","宝塚線",,,,"阪急電鉄株式会社",8,1,1,
"鉄道","箕面線",,,,"阪急電鉄株式会社",9,1,1,
"鉄道","神戸高速線",,,,"阪急電鉄株式会社",10,1,1,
"鉄道","水間線",,,,"水間鉄道株式会社",1,1,1,
"鉄道","紀州鉄道線",,,,"紀州鉄道株式会社",1,1,1,
"鉄道","貴志川線",,,,"和歌山電鐵株式会社",1,1,1,
"鉄道","西神・山手線",,,,"神戸市（交通局）",1,1,1,
"鉄道","海岸線",,,,"神戸市（交通局）",2,1,1,
"鉄道","妙見線",,,,"能勢電鉄株式会社",1,1,1,
"鉄道","日生線",,,,"能勢電鉄株式会社",2,1,1,
"鉄道","鋼索線",,,,"能勢電鉄株式会社",3,1,1,
"鉄道","北神線",,,,"北神急行電鉄株式会社",1,1,1,
"鉄道","本線",,,,"山陽電気鉄道株式会社",1,1,1,
"鉄道","網干線",,,,"山陽電気鉄道株式会社",2,1,1,
"鉄道","有馬線",,,,"神戸電鉄株式会社",1,1,1,
"鉄道","三田線",,,,"神戸電鉄株式会社",2,1,1,
"鉄道","公園都市線",,,,"神戸電鉄株式会社",3,1,1,
"鉄道","粟生線",,,,"神戸電鉄株式会社",4,1,1,
"鉄道","神戸高速線",,,,"神戸電鉄株式会社",5,1,1,
"鉄道","北条線",,,,"北条鉄道株式会社",1,1,1,
"鉄道","水島本線",,,,"水島臨海鉄道株式会社",1,1,1,
"鉄道","港東線",,,,"水島臨海鉄道株式会社",2,1,1,
"鉄道","井原線",,,,"井原鉄道株式会社",1,1,1,
"鉄道","本線(2系統)",,,,"広島電鉄株式会社",2,1,1,
"鉄道","宮島線(2系統)",,,,"広島電鉄株式会社",1,1,1,
"鉄道","宇品線",,,,"広島電鉄株式会社",3,1,,
"鉄道","江波線",,,,"広島電鉄株式会社",4,1,,
"鉄道","横川線",,,,"広島電鉄株式会社",5,1,,
"鉄道","皆実線",,,,"広島電鉄株式会社",6,1,,
"鉄道","白島線",,,,"広島電鉄株式会社",7,1,,
"鉄道","1系統",,,,"広島電鉄株式会社",8,,1,
"鉄道","3系統",,,,"広島電鉄株式会社",9,,1,
"鉄道","5系統",,,,"広島電鉄株式会社",10,,1,
"鉄道","6系統",,,,"広島電鉄株式会社",11,,1,
"鉄道","7系統",,,,"広島電鉄株式会社",12,,1,
"鉄道","8系統",,,,"広島電鉄株式会社",13,,1,
"鉄道","9系統",,,,"広島電鉄株式会社",14,,1,
"鉄道","錦川清流線",,,,"錦川鉄道株式会社",1,1,1,
"鉄道","智頭線",,,,"智頭急行株式会社",1,1,1,
"鉄道","若桜線",,,,"若桜鉄道株式会社",1,1,1,
"鉄道","北松江線",,,,"一畑電車株式会社",1,1,1,
"鉄道","大社線",,,,"一畑電車株式会社",2,1,1,
"鉄道","琴平線",,,,"高松琴平電気鉄道株式会社",1,1,1,
"鉄道","志度線",,,,"高松琴平電気鉄道株式会社",2,1,1,
"鉄道","長尾線",,,,"高松琴平電気鉄道株式会社",3,,1,
"鉄道","高浜線",,,,"伊予鉄道株式会社",1,1,1,
"鉄道","横河原線",,,,"伊予鉄道株式会社",2,1,1,
"鉄道","郡中線",,,,"伊予鉄道株式会社",3,1,1,
"鉄道","城北線",,,,"伊予鉄道株式会社",4,1,,
"鉄道","城南線",,,,"伊予鉄道株式会社",5,1,,
"鉄道","連絡線",,,,"伊予鉄道株式会社",6,1,,
"鉄道","本町線",,,,"伊予鉄道株式会社",7,1,,
"鉄道","大手町線",,,,"伊予鉄道株式会社",8,1,,
"鉄道","花園線",,,,"伊予鉄道株式会社",9,1,,
"鉄道","1系統",,,,"伊予鉄道株式会社",10,,1,
"鉄道","2系統",,,,"伊予鉄道株式会社",11,,1,
"鉄道","3系統",,,,"伊予鉄道株式会社",12,,1,
"鉄道","5系統",,,,"伊予鉄道株式会社",13,,1,
"鉄道","6系統",,,,"伊予鉄道株式会社",14,,1,
"鉄道","中村線",,,,"土佐くろしお鉄道株式会社",1,1,1,
"鉄道","宿毛線",,,,"土佐くろしお鉄道株式会社",2,1,1,
"鉄道","阿佐線",,,,"土佐くろしお鉄道株式会社",3,1,1,
"鉄道","阿佐東線",,,,"阿佐海岸鉄道株式会社",1,1,1,
"鉄道","筑豊電気鉄道線",,,,"筑豊電気鉄道株式会社",1,1,1,
"鉄道","天神大牟田線",,,,"西日本鉄道株式会社",1,1,1,
"鉄道","太宰府線",,,,"西日本鉄道株式会社",2,1,1,
"鉄道","貝塚線",,,,"西日本鉄道株式会社",3,1,1,
"鉄道","甘木線",,,,"西日本鉄道株式会社",4,1,1,
"鉄道","空港線",,,,"福岡市（交通局）",1,1,1,
"鉄道","箱崎線",,,,"福岡市（交通局）",2,1,1,
"鉄道","七隈線",,,,"福岡市（交通局）",3,1,1,
"鉄道","甘木線",,,,"甘木鉄道株式会社",1,1,1,
"鉄道","伊田線",,,,"平成筑豊鉄道株式会社",1,1,1,
"鉄道","糸田線",,,,"平成筑豊鉄道株式会社",2,1,1,
"鉄道","田川線",,,,"平成筑豊鉄道株式会社",3,1,1,
"鉄道","門司港レトロ観光線",,,,"平成筑豊鉄道株式会社",4,1,1,
"鉄道","西九州線",,,,"松浦鉄道株式会社",1,1,1,
"鉄道","島原鉄道線",,,,"島原鉄道株式会社",1,1,1,
"鉄道","菊池線",,,,"熊本電気鉄道株式会社",1,1,1,
"鉄道","藤崎線",,,,"熊本電気鉄道株式会社",2,1,1,
"鉄道","高森線",,,,"南阿蘇鉄道株式会社",1,1,1,
"鉄道","湯前線",,,,"くま川鉄道株式会社",1,1,1,
"鉄道","肥薩おれんじ鉄道線",,,,"肥薩おれんじ鉄道株式会社",1,1,1,
"鉄道","青函トンネル竜飛斜坑線",,,,"一般財団法人青函トンネル記念館",1,1,1,
"鉄道","黒部ケーブル",,,,"立山黒部貫光株式会社",1,1,1,
"鉄道","立山ケーブル",,,,"立山黒部貫光株式会社",2,1,1,
"鉄道","無軌条電車線",,,,"立山黒部貫光株式会社",3,1,1,
"鉄道","筑波山鋼索鉄道線",,,,"筑波観光鉄道株式会社",1,1,1,
"鉄道","高尾鋼索線",,,,"高尾登山電鉄株式会社",1,1,1,
"鉄道","御岳山ケーブルカー",,,,"御岳登山鉄道株式会社",1,1,1,
"鉄道","大山鋼索線",,,,"大山観光電鉄株式会社",1,1,1,
"鉄道","比叡山鉄道線",,,,"比叡山鉄道株式会社",1,1,1,
"鉄道","鋼索線",,,,"京福電気鉄道株式会社",1,1,1,
"鉄道","嵐山本線",,,,"京福電気鉄道株式会社",2,1,1,
"鉄道","北野線",,,,"京福電気鉄道株式会社",3,1,1,
"鉄道","京津線",,,,"京阪電気鉄道株式会社",7,1,1,
"鉄道","石山坂本線",,,,"京阪電気鉄道株式会社",8,1,1,
"鉄道","鞍馬山鋼索鉄道",,,,"鞍馬寺（宗教法人）",1,1,1,
"鉄道","天橋立鋼索鉄道",,,,"丹後海陸交通株式会社",1,1,1,
"鉄道","六甲ケーブル線",,,,"六甲山観光株式会社",1,1,1,
"鉄道","摩耶ケーブル線",,,,"一般財団法人神戸すまいまちづくり公社",1,1,1,
"鉄道","八栗ケーブル",,,,"四国ケーブル株式会社",1,1,1,
"鉄道","帆柱ケーブル線",,,,"皿倉登山鉄道株式会社",1,1,1,
"鉄道","別府ラクテンチケーブル線",,,,"株式会社ラクテンチ",1,1,1,
"鉄道","江の島線",,,,"湘南モノレール株式会社",1,1,1,
"鉄道","ディズニーリゾートライン",,,,"株式会社舞浜リゾートライン",1,1,1,
"鉄道","東京モノレール羽田空港線",,,,"東京モノレール株式会社",1,1,1,
"鉄道","南北線",,,,"札幌市（交通局）",1,1,1,
"鉄道","東西線",,,,"札幌市（交通局）",2,1,1,
"鉄道","東豊線",,,,"札幌市（交通局）",3,1,1,
"鉄道","札幌市電",,,,"札幌市（交通局）",4,1,1,
"鉄道","伊奈線",,,,"埼玉新都市交通株式会社",1,1,1,
"鉄道","ユーカリが丘線",,,,"山万株式会社",1,1,1,
"鉄道","ゆりかもめ",,,,"株式会社ゆりかもめ",1,1,1,
"鉄道","ポートアイランド線",,,,"神戸新交通株式会社",1,1,1,
"鉄道","ポートアイランド線","支線",,,"神戸新交通株式会社",2,1,1,
"鉄道","六甲アイランド線",,,,"神戸新交通株式会社",3,1,1,
"鉄道","アストラムライン",,,,"広島高速交通株式会社",1,1,1,
"鉄道","本線",,,,"函館市（企業局）",1,1,,
"鉄道","宝来・谷地頭線",,,,"函館市（企業局）",2,1,,
"鉄道","大森線",,,,"函館市（企業局）",3,1,,
"鉄道","湯の川線",,,,"函館市（企業局）",4,1,,
"鉄道","2系統",,,,"函館市（企業局）",5,,1,
"鉄道","5系統",,,,"函館市（企業局）",6,,1,
"鉄道","阪堺線",,,,"阪堺電気軌道株式会社",1,1,1,
"鉄道","上町線",,,,"阪堺電気軌道株式会社",2,1,1,
"鉄道","東山本線",,,,"岡山電気軌道株式会社",1,1,1,
"鉄道","清輝橋線",,,,"岡山電気軌道株式会社",2,,1,
"鉄道","伊野線",,,,"とさでん交通株式会社",1,1,1,
"鉄道","後免線",,,,"とさでん交通株式会社",2,1,1,
"鉄道","駅前線",,,,"とさでん交通株式会社",3,1,1,
"鉄道","桟橋線",,,,"とさでん交通株式会社",4,1,1,
"鉄道","赤迫本線",,,,"長崎電気軌道株式会社",1,1,,
"鉄道","本線",,,,"長崎電気軌道株式会社",2,1,,
"鉄道","桜町支線",,,,"長崎電気軌道株式会社",3,1,,
"鉄道","大浦支線",,,,"長崎電気軌道株式会社",4,1,,
"鉄道","蛍茶屋支線",,,,"長崎電気軌道株式会社",5,1,,
"鉄道","1号系統",,,,"長崎電気軌道株式会社",6,,1,
"鉄道","3号系統",,,,"長崎電気軌道株式会社",7,,1,
"鉄道","4号系統",,,,"長崎電気軌道株式会社",8,,1,
"鉄道","5号系統",,,,"長崎電気軌道株式会社",9,,1,
"鉄道","幹線",,,,"熊本市（交通局）",1,1,,
"鉄道","水前寺線",,,,"熊本市（交通局）",2,1,,
"鉄道","健軍線",,,,"熊本市（交通局）",3,1,,
"鉄道","上熊本線",,,,"熊本市（交通局）",4,1,,
"鉄道","田崎線",,,,"熊本市（交通局）",5,1,,
"鉄道","A系統",,,,"熊本市（交通局）",6,,1,
"鉄道","B系統",,,,"熊本市（交通局）",7,,1,
"鉄道","第一期線",,,,"鹿児島市（交通局）",1,1,,
"鉄道","第二期線",,,,"鹿児島市（交通局）",2,1,,
"鉄道","谷山線",,,,"鹿児島市（交通局）",3,1,,
"鉄道","唐湊線",,,,"鹿児島市（交通局）",4,1,,
"鉄道","1系統",,,,"鹿児島市（交通局）",5,,1,
"鉄道","2系統",,,,"鹿児島市（交通局）",6,,1,
"鉄道","1号線",,,,"千葉都市モノレール株式会社",1,1,1,
"鉄道","2号線",,,,"千葉都市モノレール株式会社",2,1,1,
"鉄道","スカイレールみどり坂線",,,,"スカイレールサービス株式会社",1,1,1,
"鉄道","多摩都市モノレール線",,,,"多摩都市モノレール株式会社",1,1,1,
"鉄道","大阪モノレール線",,,,"大阪高速鉄道株式会社",1,1,1,
"鉄道","大阪モノレール彩都線",,,,"大阪高速鉄道株式会社",2,1,1,
"鉄道","北九州モノレール",,,,"北九州高速鉄道株式会社",1,1,1,
"鉄道","沖縄都市モノレール",,,,"沖縄都市モノレール株式会社",1,1,1,
"鉄道","金沢シーサイドライン",,,,"株式会社横浜シーサイドライン",1,1,1,
"鉄道","ゆとりーとライン",,,,"名古屋ガイドウェイバス株式会社",1,1,1,
"鉄道","東部丘陵線",,,,"愛知高速交通株式会社",1,1,1,
