駅グループ名,駅グループ事業者,駅グループ路線名,駅グループ路線区別名,駅グループ路線正式区間,駅グループ路線運行系統,駅グループの路線ごとの並び順,駅名,駅名(正式),駅の路線の事業者,駅の路線,駅の路線区別名,駅の路線の事業者(運行系統),路線名(運行系統),路線区別名(運行系統),"路線[正式区間](1:true, none:false)","路線[運行系統](1:true, none:false)",ナンバリング接頭辞,路線記号,ナンバリングハイフン,駅番号,路線(運行系統)ごとの並び順,駅カラー
,,,,,,,青森,青森,北海道旅客鉄道株式会社,青函航路,,北海道旅客鉄道株式会社,青函航路,,1,1,,,,,1,
,,,,,,,函館,函館,北海道旅客鉄道株式会社,青函航路,,北海道旅客鉄道株式会社,青函航路,,1,1,,,,,2,
,,,,,,,木古内,木古内,北海道旅客鉄道株式会社,江差線,,北海道旅客鉄道株式会社,江差線,,1,1,,,,,1,
,,,,,,,渡島鶴岡,渡島鶴岡,北海道旅客鉄道株式会社,江差線,,北海道旅客鉄道株式会社,江差線,,1,1,,,,,2,
,,,,,,,吉堀,吉堀,北海道旅客鉄道株式会社,江差線,,北海道旅客鉄道株式会社,江差線,,1,1,,,,,3,
,,,,,,,神明,神明,北海道旅客鉄道株式会社,江差線,,北海道旅客鉄道株式会社,江差線,,1,1,,,,,4,
,,,,,,,湯ノ岱,湯ノ岱,北海道旅客鉄道株式会社,江差線,,北海道旅客鉄道株式会社,江差線,,1,1,,,,,5,
,,,,,,,宮越,宮越,北海道旅客鉄道株式会社,江差線,,北海道旅客鉄道株式会社,江差線,,1,1,,,,,6,
,,,,,,,桂岡,桂岡,北海道旅客鉄道株式会社,江差線,,北海道旅客鉄道株式会社,江差線,,1,1,,,,,7,
,,,,,,,中須田,中須田,北海道旅客鉄道株式会社,江差線,,北海道旅客鉄道株式会社,江差線,,1,1,,,,,8,
,,,,,,,上ノ国,上ノ国,北海道旅客鉄道株式会社,江差線,,北海道旅客鉄道株式会社,江差線,,1,1,,,,,9,
,,,,,,,江差,江差,北海道旅客鉄道株式会社,江差線,,北海道旅客鉄道株式会社,江差線,,1,1,,,,,10,
,,,,,,,木古内,木古内,北海道旅客鉄道株式会社,松前線,,北海道旅客鉄道株式会社,松前線,,1,1,,,,,1,
,,,,,,,森越,森越,北海道旅客鉄道株式会社,松前線,,北海道旅客鉄道株式会社,松前線,,1,1,,,,,2,
,,,,,,,渡島知内,渡島知内,北海道旅客鉄道株式会社,松前線,,北海道旅客鉄道株式会社,松前線,,1,1,,,,,3,
,,,,,,,重内,重内,北海道旅客鉄道株式会社,松前線,,北海道旅客鉄道株式会社,松前線,,1,1,,,,,4,
,,,,,,,湯ノ里,湯ノ里,北海道旅客鉄道株式会社,松前線,,北海道旅客鉄道株式会社,松前線,,1,1,,,,,5,
,,,,,,,千軒,千軒,北海道旅客鉄道株式会社,松前線,,北海道旅客鉄道株式会社,松前線,,1,1,,,,,6,
,,,,,,,渡島福島,渡島福島,北海道旅客鉄道株式会社,松前線,,北海道旅客鉄道株式会社,松前線,,1,1,,,,,7,
,,,,,,,白符,白符,北海道旅客鉄道株式会社,松前線,,北海道旅客鉄道株式会社,松前線,,1,1,,,,,8,
,,,,,,,渡島吉岡,渡島吉岡,北海道旅客鉄道株式会社,松前線,,北海道旅客鉄道株式会社,松前線,,1,1,,,,,9,
,,,,,,,渡島大沢,渡島大沢,北海道旅客鉄道株式会社,松前線,,北海道旅客鉄道株式会社,松前線,,1,1,,,,,10,
,,,,,,,及部,及部,北海道旅客鉄道株式会社,松前線,,北海道旅客鉄道株式会社,松前線,,1,1,,,,,11,
,,,,,,,松前,松前,北海道旅客鉄道株式会社,松前線,,北海道旅客鉄道株式会社,松前線,,1,1,,,,,12,
,,,,,,,国縫,国縫,日本国有鉄道,瀬棚線,,日本国有鉄道,瀬棚線,,1,1,,,,,1,
,,,,,,,茶屋川,茶屋川,日本国有鉄道,瀬棚線,,日本国有鉄道,瀬棚線,,1,1,,,,,2,
,,,,,,,美利河,美利河,日本国有鉄道,瀬棚線,,日本国有鉄道,瀬棚線,,1,1,,,,,3,
,,,,,,,花石,花石,日本国有鉄道,瀬棚線,,日本国有鉄道,瀬棚線,,1,1,,,,,4,
,,,,,,,北住吉,北住吉,日本国有鉄道,瀬棚線,,日本国有鉄道,瀬棚線,,1,1,,,,,5,
,,,,,,,種川,種川,日本国有鉄道,瀬棚線,,日本国有鉄道,瀬棚線,,1,1,,,,,6,
,,,,,,,今金,今金,日本国有鉄道,瀬棚線,,日本国有鉄道,瀬棚線,,1,1,,,,,7,
,,,,,,,神丘,神丘,日本国有鉄道,瀬棚線,,日本国有鉄道,瀬棚線,,1,1,,,,,8,
,,,,,,,丹羽,丹羽,日本国有鉄道,瀬棚線,,日本国有鉄道,瀬棚線,,1,1,,,,,9,
,,,,,,,北檜山,北檜山,日本国有鉄道,瀬棚線,,日本国有鉄道,瀬棚線,,1,1,,,,,10,
,,,,,,,瀬棚,瀬棚,日本国有鉄道,瀬棚線,,日本国有鉄道,瀬棚線,,1,1,,,,,11,
,,,,,,,小沢,小沢,日本国有鉄道,岩内線,,日本国有鉄道,岩内線,,1,1,,,,,1,
,,,,,,,国富,国富,日本国有鉄道,岩内線,,日本国有鉄道,岩内線,,1,1,,,,,2,
,,,,,,,幌似,幌似,日本国有鉄道,岩内線,,日本国有鉄道,岩内線,,1,1,,,,,3,
,,,,,,,前田,前田,日本国有鉄道,岩内線,,日本国有鉄道,岩内線,,1,1,,,,,4,
,,,,,,,西前田,西前田,日本国有鉄道,岩内線,,日本国有鉄道,岩内線,,1,1,,,,,5,
,,,,,,,岩内,岩内,日本国有鉄道,岩内線,,日本国有鉄道,岩内線,,1,1,,,,,6,
,,,,,,,伊達紋別,伊達紋別,日本国有鉄道,胆振線,,日本国有鉄道,胆振線,,1,1,,,,,1,
,,,,,,,上長和,上長和,日本国有鉄道,胆振線,,日本国有鉄道,胆振線,,1,1,,,,,2,
,,,,,,,壮瞥,壮瞥,日本国有鉄道,胆振線,,日本国有鉄道,胆振線,,1,1,,,,,3,
,,,,,,,久保内,久保内,日本国有鉄道,胆振線,,日本国有鉄道,胆振線,,1,1,,,,,4,
,,,,,,,蟠渓,蟠渓,日本国有鉄道,胆振線,,日本国有鉄道,胆振線,,1,1,,,,,5,
,,,,,,,北湯沢,北湯沢,日本国有鉄道,胆振線,,日本国有鉄道,胆振線,,1,1,,,,,6,
,,,,,,,優徳,優徳,日本国有鉄道,胆振線,,日本国有鉄道,胆振線,,1,1,,,,,7,
,,,,,,,新大滝,新大滝,日本国有鉄道,胆振線,,日本国有鉄道,胆振線,,1,1,,,,,8,
,,,,,,,御園,御園,日本国有鉄道,胆振線,,日本国有鉄道,胆振線,,1,1,,,,,9,
,,,,,,,北鈴川,北鈴川,日本国有鉄道,胆振線,,日本国有鉄道,胆振線,,1,1,,,,,10,
,,,,,,,喜茂別,喜茂別,日本国有鉄道,胆振線,,日本国有鉄道,胆振線,,1,1,,,,,11,
,,,,,,,留産,留産,日本国有鉄道,胆振線,,日本国有鉄道,胆振線,,1,1,,,,,12,
,,,,,,,南京極,南京極,日本国有鉄道,胆振線,,日本国有鉄道,胆振線,,1,1,,,,,13,
,,,,,,,東京極,東京極,日本国有鉄道,胆振線,,日本国有鉄道,胆振線,,1,1,,,,,14,
,,,,,,,京極,京極,日本国有鉄道,胆振線,,日本国有鉄道,胆振線,,1,1,,,,,15,
,,,,,,,北岡,北岡,日本国有鉄道,胆振線,,日本国有鉄道,胆振線,,1,1,,,,,16,
,,,,,,,寒別,寒別,日本国有鉄道,胆振線,,日本国有鉄道,胆振線,,1,1,,,,,17,
,,,,,,,参郷,参郷,日本国有鉄道,胆振線,,日本国有鉄道,胆振線,,1,1,,,,,18,
,,,,,,,六郷,六郷,日本国有鉄道,胆振線,,日本国有鉄道,胆振線,,1,1,,,,,19,
,,,,,,,倶知安,倶知安,日本国有鉄道,胆振線,,日本国有鉄道,胆振線,,1,1,,,,,20,
,,,,,,,京極,京極,日本国有鉄道,胆振線,支線,日本国有鉄道,胆振線,支線,1,1,,,,,1,
,,,,,,,脇方,脇方,日本国有鉄道,胆振線,支線,日本国有鉄道,胆振線,支線,1,1,,,,,2,
,,,,,,,志文,志文,日本国有鉄道,万字線,,日本国有鉄道,万字線,,1,1,,,,,1,
,,,,,,,上志文,上志文,日本国有鉄道,万字線,,日本国有鉄道,万字線,,1,1,,,,,2,
,,,,,,,朝日,朝日,日本国有鉄道,万字線,,日本国有鉄道,万字線,,1,1,,,,,3,
,,,,,,,美流渡,美流渡,日本国有鉄道,万字線,,日本国有鉄道,万字線,,1,1,,,,,4,
,,,,,,,万字,万字,日本国有鉄道,万字線,,日本国有鉄道,万字線,,1,1,,,,,5,
,,,,,,,万字炭山,万字炭山,日本国有鉄道,万字線,,日本国有鉄道,万字線,,1,1,,,,,6,
,,,,,,,岩見沢,岩見沢,北海道旅客鉄道株式会社,幌内線,,北海道旅客鉄道株式会社,幌内線,,1,1,,,,,1,
,,,,,,,栄町,栄町,北海道旅客鉄道株式会社,幌内線,,北海道旅客鉄道株式会社,幌内線,,1,1,,,,,2,
,,,,,,,萱野,萱野,北海道旅客鉄道株式会社,幌内線,,北海道旅客鉄道株式会社,幌内線,,1,1,,,,,3,
,,,,,,,三笠,三笠,北海道旅客鉄道株式会社,幌内線,,北海道旅客鉄道株式会社,幌内線,,1,1,,,,,4,
,,,,,,,唐松,唐松,北海道旅客鉄道株式会社,幌内線,,北海道旅客鉄道株式会社,幌内線,,1,1,,,,,5,
,,,,,,,弥生,弥生,北海道旅客鉄道株式会社,幌内線,,北海道旅客鉄道株式会社,幌内線,,1,1,,,,,6,
,,,,,,,幾春別,幾春別,北海道旅客鉄道株式会社,幌内線,,北海道旅客鉄道株式会社,幌内線,,1,1,,,,,7,
,,,,,,,三笠,三笠,日本国有鉄道,幌内線,支線,日本国有鉄道,幌内線,支線,1,1,,,,,1,
,,,,,,,幌内住吉,幌内住吉,日本国有鉄道,幌内線,支線,日本国有鉄道,幌内線,支線,1,1,,,,,2,
,,,,,,,幌内,幌内,日本国有鉄道,幌内線,支線,日本国有鉄道,幌内線,支線,1,1,,,,,3,
,,,,,,,美唄,美唄,日本国有鉄道,函館本線,美唄支線,日本国有鉄道,函館本線,美唄支線,1,1,,,,,1,
,,,,,,,南美唄,南美唄,日本国有鉄道,函館本線,美唄支線,日本国有鉄道,函館本線,美唄支線,1,1,,,,,2,
,,,,,,,砂川,砂川,北海道旅客鉄道株式会社,函館本線,上砂川支線,北海道旅客鉄道株式会社,函館本線,上砂川支線,1,1,,,,,1,
,,,,,,,下鶉,下鶉,北海道旅客鉄道株式会社,函館本線,上砂川支線,北海道旅客鉄道株式会社,函館本線,上砂川支線,1,1,,,,,2,
,,,,,,,鶉,鶉,北海道旅客鉄道株式会社,函館本線,上砂川支線,北海道旅客鉄道株式会社,函館本線,上砂川支線,1,1,,,,,3,
,,,,,,,東鶉,東鶉,北海道旅客鉄道株式会社,函館本線,上砂川支線,北海道旅客鉄道株式会社,函館本線,上砂川支線,1,1,,,,,4,
,,,,,,,上砂川,上砂川,北海道旅客鉄道株式会社,函館本線,上砂川支線,北海道旅客鉄道株式会社,函館本線,上砂川支線,1,1,,,,,5,
,,,,,,,砂川,砂川,北海道旅客鉄道株式会社,歌志内線,,北海道旅客鉄道株式会社,歌志内線,,1,1,,,,,1,
,,,,,,,焼山,焼山,北海道旅客鉄道株式会社,歌志内線,,北海道旅客鉄道株式会社,歌志内線,,1,1,,,,,2,
,,,,,,,文珠,文珠,北海道旅客鉄道株式会社,歌志内線,,北海道旅客鉄道株式会社,歌志内線,,1,1,,,,,3,
,,,,,,,西歌,西歌,北海道旅客鉄道株式会社,歌志内線,,北海道旅客鉄道株式会社,歌志内線,,1,1,,,,,4,
,,,,,,,神威,神威,北海道旅客鉄道株式会社,歌志内線,,北海道旅客鉄道株式会社,歌志内線,,1,1,,,,,5,
,,,,,,,歌神,歌神,北海道旅客鉄道株式会社,歌志内線,,北海道旅客鉄道株式会社,歌志内線,,1,1,,,,,6,
,,,,,,,歌志内,歌志内,北海道旅客鉄道株式会社,歌志内線,,北海道旅客鉄道株式会社,歌志内線,,1,1,,,,,7,
,,,,,,,新十津川,新十津川,日本国有鉄道,札沼線,新十津川～石狩沼田,日本国有鉄道,札沼線,新十津川～石狩沼田,1,1,,,,,1,
,,,,,,,石狩橋本,石狩橋本,日本国有鉄道,札沼線,新十津川～石狩沼田,日本国有鉄道,札沼線,新十津川～石狩沼田,1,1,,,,,2,
,,,,,,,上徳富,上徳富,日本国有鉄道,札沼線,新十津川～石狩沼田,日本国有鉄道,札沼線,新十津川～石狩沼田,1,1,,,,,3,
,,,,,,,北上徳富,北上徳富,日本国有鉄道,札沼線,新十津川～石狩沼田,日本国有鉄道,札沼線,新十津川～石狩沼田,1,1,,,,,4,
,,,,,,,南雨竜(仮),南雨竜(仮),日本国有鉄道,札沼線,新十津川～石狩沼田,日本国有鉄道,札沼線,新十津川～石狩沼田,1,1,,,,,5,
,,,,,,,雨竜,雨竜,日本国有鉄道,札沼線,新十津川～石狩沼田,日本国有鉄道,札沼線,新十津川～石狩沼田,1,1,,,,,6,
,,,,,,,中雨竜(仮),中雨竜(仮),日本国有鉄道,札沼線,新十津川～石狩沼田,日本国有鉄道,札沼線,新十津川～石狩沼田,1,1,,,,,7,
,,,,,,,石狩追分,石狩追分,日本国有鉄道,札沼線,新十津川～石狩沼田,日本国有鉄道,札沼線,新十津川～石狩沼田,1,1,,,,,8,
,,,,,,,渭ノ津,渭ノ津,日本国有鉄道,札沼線,新十津川～石狩沼田,日本国有鉄道,札沼線,新十津川～石狩沼田,1,1,,,,,9,
,,,,,,,和,和,日本国有鉄道,札沼線,新十津川～石狩沼田,日本国有鉄道,札沼線,新十津川～石狩沼田,1,1,,,,,10,
,,,,,,,中ノ岱,中ノ岱,日本国有鉄道,札沼線,新十津川～石狩沼田,日本国有鉄道,札沼線,新十津川～石狩沼田,1,1,,,,,11,
,,,,,,,碧水,碧水,日本国有鉄道,札沼線,新十津川～石狩沼田,日本国有鉄道,札沼線,新十津川～石狩沼田,1,1,,,,,12,
,,,,,,,北竜,北竜,日本国有鉄道,札沼線,新十津川～石狩沼田,日本国有鉄道,札沼線,新十津川～石狩沼田,1,1,,,,,13,
,,,,,,,五ケ山,五ケ山,日本国有鉄道,札沼線,新十津川～石狩沼田,日本国有鉄道,札沼線,新十津川～石狩沼田,1,1,,,,,14,
,,,,,,,石狩沼田,石狩沼田,日本国有鉄道,札沼線,新十津川～石狩沼田,日本国有鉄道,札沼線,新十津川～石狩沼田,1,1,,,,,15,
,,,,,,,鵡川,鵡川,日本国有鉄道,富内線,,日本国有鉄道,富内線,,1,1,,,,,1,
,,,,,,,豊城,豊城,日本国有鉄道,富内線,,日本国有鉄道,富内線,,1,1,,,,,2,
,,,,,,,春日,春日,日本国有鉄道,富内線,,日本国有鉄道,富内線,,1,1,,,,,3,
,,,,,,,旭岡,旭岡,日本国有鉄道,富内線,,日本国有鉄道,富内線,,1,1,,,,,4,
,,,,,,,栄,栄,日本国有鉄道,富内線,,日本国有鉄道,富内線,,1,1,,,,,5,
,,,,,,,豊田,豊田,日本国有鉄道,富内線,,日本国有鉄道,富内線,,1,1,,,,,6,
,,,,,,,穂別,穂別,日本国有鉄道,富内線,,日本国有鉄道,富内線,,1,1,,,,,7,
,,,,,,,富内,富内,日本国有鉄道,富内線,,日本国有鉄道,富内線,,1,1,,,,,8,
,,,,,,,幌毛志,幌毛志,日本国有鉄道,富内線,,日本国有鉄道,富内線,,1,1,,,,,9,
,,,,,,,振内,振内,日本国有鉄道,富内線,,日本国有鉄道,富内線,,1,1,,,,,10,
,,,,,,,仁世宇,仁世宇,日本国有鉄道,富内線,,日本国有鉄道,富内線,,1,1,,,,,11,
,,,,,,,岩知志,岩知志,日本国有鉄道,富内線,,日本国有鉄道,富内線,,1,1,,,,,12,
,,,,,,,日高岩内,日高岩内,日本国有鉄道,富内線,,日本国有鉄道,富内線,,1,1,,,,,13,
,,,,,,,日高三岡,日高三岡,日本国有鉄道,富内線,,日本国有鉄道,富内線,,1,1,,,,,14,
,,,,,,,日高町,日高町,日本国有鉄道,富内線,,日本国有鉄道,富内線,,1,1,,,,,15,
,,,,,,,留萠,留萠,日本国有鉄道,羽幌線,,日本国有鉄道,羽幌線,,1,1,,,,,1,
,,,,,,,三泊,三泊,日本国有鉄道,羽幌線,,日本国有鉄道,羽幌線,,1,1,,,,,2,
,,,,,,,臼谷,臼谷,日本国有鉄道,羽幌線,,日本国有鉄道,羽幌線,,1,1,,,,,3,
,,,,,,,小平,小平,日本国有鉄道,羽幌線,,日本国有鉄道,羽幌線,,1,1,,,,,4,
,,,,,,,花岡(仮),花岡(仮),日本国有鉄道,羽幌線,,日本国有鉄道,羽幌線,,1,1,,,,,5,
,,,,,,,大椴,大椴,日本国有鉄道,羽幌線,,日本国有鉄道,羽幌線,,1,1,,,,,6,
,,,,,,,富岡(仮),富岡(仮),日本国有鉄道,羽幌線,,日本国有鉄道,羽幌線,,1,1,,,,,7,
,,,,,,,鬼鹿,鬼鹿,日本国有鉄道,羽幌線,,日本国有鉄道,羽幌線,,1,1,,,,,8,
,,,,,,,千松(仮),千松(仮),日本国有鉄道,羽幌線,,日本国有鉄道,羽幌線,,1,1,,,,,9,
,,,,,,,力昼,力昼,日本国有鉄道,羽幌線,,日本国有鉄道,羽幌線,,1,1,,,,,10,
,,,,,,,番屋ノ沢(仮),番屋ノ沢(仮),日本国有鉄道,羽幌線,,日本国有鉄道,羽幌線,,1,1,,,,,11,
,,,,,,,古丹別,古丹別,日本国有鉄道,羽幌線,,日本国有鉄道,羽幌線,,1,1,,,,,12,
,,,,,,,上平,上平,日本国有鉄道,羽幌線,,日本国有鉄道,羽幌線,,1,1,,,,,13,
,,,,,,,苫前,苫前,日本国有鉄道,羽幌線,,日本国有鉄道,羽幌線,,1,1,,,,,14,
,,,,,,,興津(仮),興津(仮),日本国有鉄道,羽幌線,,日本国有鉄道,羽幌線,,1,1,,,,,15,
,,,,,,,羽幌,羽幌,日本国有鉄道,羽幌線,,日本国有鉄道,羽幌線,,1,1,,,,,16,
,,,,,,,下ノ滝(仮),下ノ滝(仮),日本国有鉄道,羽幌線,,日本国有鉄道,羽幌線,,1,1,,,,,17,
,,,,,,,築別,築別,日本国有鉄道,羽幌線,,日本国有鉄道,羽幌線,,1,1,,,,,18,
,,,,,,,天塩有明,天塩有明,日本国有鉄道,羽幌線,,日本国有鉄道,羽幌線,,1,1,,,,,19,
,,,,,,,天塩栄,天塩栄,日本国有鉄道,羽幌線,,日本国有鉄道,羽幌線,,1,1,,,,,20,
,,,,,,,初山別,初山別,日本国有鉄道,羽幌線,,日本国有鉄道,羽幌線,,1,1,,,,,21,
,,,,,,,豊岬,豊岬,日本国有鉄道,羽幌線,,日本国有鉄道,羽幌線,,1,1,,,,,22,
,,,,,,,天塩大沢,天塩大沢,日本国有鉄道,羽幌線,,日本国有鉄道,羽幌線,,1,1,,,,,23,
,,,,,,,共成,共成,日本国有鉄道,羽幌線,,日本国有鉄道,羽幌線,,1,1,,,,,24,
,,,,,,,歌越,歌越,日本国有鉄道,羽幌線,,日本国有鉄道,羽幌線,,1,1,,,,,25,
,,,,,,,天塩金浦,天塩金浦,日本国有鉄道,羽幌線,,日本国有鉄道,羽幌線,,1,1,,,,,26,
,,,,,,,遠別,遠別,日本国有鉄道,羽幌線,,日本国有鉄道,羽幌線,,1,1,,,,,27,
,,,,,,,啓明(仮),啓明(仮),日本国有鉄道,羽幌線,,日本国有鉄道,羽幌線,,1,1,,,,,28,
,,,,,,,丸松,丸松,日本国有鉄道,羽幌線,,日本国有鉄道,羽幌線,,1,1,,,,,29,
,,,,,,,北里(仮),北里(仮),日本国有鉄道,羽幌線,,日本国有鉄道,羽幌線,,1,1,,,,,30,
,,,,,,,更岸,更岸,日本国有鉄道,羽幌線,,日本国有鉄道,羽幌線,,1,1,,,,,31,
,,,,,,,干拓(仮),干拓(仮),日本国有鉄道,羽幌線,,日本国有鉄道,羽幌線,,1,1,,,,,32,
,,,,,,,天塩,天塩,日本国有鉄道,羽幌線,,日本国有鉄道,羽幌線,,1,1,,,,,33,
,,,,,,,中川口(仮),中川口(仮),日本国有鉄道,羽幌線,,日本国有鉄道,羽幌線,,1,1,,,,,34,
,,,,,,,北川口,北川口,日本国有鉄道,羽幌線,,日本国有鉄道,羽幌線,,1,1,,,,,35,
,,,,,,,西振老(仮),西振老(仮),日本国有鉄道,羽幌線,,日本国有鉄道,羽幌線,,1,1,,,,,36,
,,,,,,,振老,振老,日本国有鉄道,羽幌線,,日本国有鉄道,羽幌線,,1,1,,,,,37,
,,,,,,,作返(仮),作返(仮),日本国有鉄道,羽幌線,,日本国有鉄道,羽幌線,,1,1,,,,,38,
,,,,,,,幌延,幌延,日本国有鉄道,羽幌線,,日本国有鉄道,羽幌線,,1,1,,,,,39,
,,,,,,,標茶,標茶,北海道旅客鉄道株式会社,標津線,,北海道旅客鉄道株式会社,標津線,,1,1,,,,,1,
,,,,,,,多和,多和,北海道旅客鉄道株式会社,標津線,,北海道旅客鉄道株式会社,標津線,,1,1,,,,,2,
,,,,,,,泉川,泉川,北海道旅客鉄道株式会社,標津線,,北海道旅客鉄道株式会社,標津線,,1,1,,,,,3,
,,,,,,,光進,光進,北海道旅客鉄道株式会社,標津線,,北海道旅客鉄道株式会社,標津線,,1,1,,,,,4,
,,,,,,,西春別,西春別,北海道旅客鉄道株式会社,標津線,,北海道旅客鉄道株式会社,標津線,,1,1,,,,,5,
,,,,,,,上春別,上春別,北海道旅客鉄道株式会社,標津線,,北海道旅客鉄道株式会社,標津線,,1,1,,,,,6,
,,,,,,,計根別,計根別,北海道旅客鉄道株式会社,標津線,,北海道旅客鉄道株式会社,標津線,,1,1,,,,,7,
,,,,,,,開栄(仮),開栄(仮),北海道旅客鉄道株式会社,標津線,,北海道旅客鉄道株式会社,標津線,,1,1,,,,,8,
,,,,,,,当幌,当幌,北海道旅客鉄道株式会社,標津線,,北海道旅客鉄道株式会社,標津線,,1,1,,,,,9,
,,,,,,,中標津,中標津,北海道旅客鉄道株式会社,標津線,,北海道旅客鉄道株式会社,標津線,,1,1,,,,,10,
,,,,,,,上武佐,上武佐,北海道旅客鉄道株式会社,標津線,,北海道旅客鉄道株式会社,標津線,,1,1,,,,,11,
,,,,,,,川北,川北,北海道旅客鉄道株式会社,標津線,,北海道旅客鉄道株式会社,標津線,,1,1,,,,,12,
,,,,,,,根室標津,根室標津,北海道旅客鉄道株式会社,標津線,,北海道旅客鉄道株式会社,標津線,,1,1,,,,,13,
,,,,,,,中標津,中標津,北海道旅客鉄道株式会社,標津線,支線,北海道旅客鉄道株式会社,標津線,支線,1,1,,,,,1,
,,,,,,,協和,協和,北海道旅客鉄道株式会社,標津線,支線,北海道旅客鉄道株式会社,標津線,支線,1,1,,,,,2,
,,,,,,,春別,春別,北海道旅客鉄道株式会社,標津線,支線,北海道旅客鉄道株式会社,標津線,支線,1,1,,,,,3,
,,,,,,,平糸,平糸,北海道旅客鉄道株式会社,標津線,支線,北海道旅客鉄道株式会社,標津線,支線,1,1,,,,,4,
,,,,,,,別海,別海,北海道旅客鉄道株式会社,標津線,支線,北海道旅客鉄道株式会社,標津線,支線,1,1,,,,,5,
,,,,,,,奥行臼,奥行臼,北海道旅客鉄道株式会社,標津線,支線,北海道旅客鉄道株式会社,標津線,支線,1,1,,,,,6,
,,,,,,,厚床,厚床,北海道旅客鉄道株式会社,標津線,支線,北海道旅客鉄道株式会社,標津線,支線,1,1,,,,,7,
,,,,,,,斜里,斜里,日本国有鉄道,根北線,,日本国有鉄道,根北線,,1,1,,,,,1,
,,,,,,,以久科,以久科,日本国有鉄道,根北線,,日本国有鉄道,根北線,,1,1,,,,,2,
,,,,,,,西二線(仮),西二線(仮),日本国有鉄道,根北線,,日本国有鉄道,根北線,,1,1,,,,,3,
,,,,,,,下越川,下越川,日本国有鉄道,根北線,,日本国有鉄道,根北線,,1,1,,,,,4,
,,,,,,,十四号(仮),十四号(仮),日本国有鉄道,根北線,,日本国有鉄道,根北線,,1,1,,,,,5,
,,,,,,,十六号(仮),十六号(仮),日本国有鉄道,根北線,,日本国有鉄道,根北線,,1,1,,,,,6,
,,,,,,,越川,越川,日本国有鉄道,根北線,,日本国有鉄道,根北線,,1,1,,,,,7,
,,,,,,,帯広,帯広,日本国有鉄道,広尾線,,日本国有鉄道,広尾線,,1,1,,,,,1,
,,,,,,,依田,依田,日本国有鉄道,広尾線,,日本国有鉄道,広尾線,,1,1,,,,,2,
,,,,,,,北愛国,北愛国,日本国有鉄道,広尾線,,日本国有鉄道,広尾線,,1,1,,,,,3,
,,,,,,,愛国,愛国,日本国有鉄道,広尾線,,日本国有鉄道,広尾線,,1,1,,,,,4,
,,,,,,,大正,大正,日本国有鉄道,広尾線,,日本国有鉄道,広尾線,,1,1,,,,,5,
,,,,,,,幸福,幸福,日本国有鉄道,広尾線,,日本国有鉄道,広尾線,,1,1,,,,,6,
,,,,,,,中札内,中札内,日本国有鉄道,広尾線,,日本国有鉄道,広尾線,,1,1,,,,,7,
,,,,,,,更別,更別,日本国有鉄道,広尾線,,日本国有鉄道,広尾線,,1,1,,,,,8,
,,,,,,,上更別,上更別,日本国有鉄道,広尾線,,日本国有鉄道,広尾線,,1,1,,,,,9,
,,,,,,,忠類,忠類,日本国有鉄道,広尾線,,日本国有鉄道,広尾線,,1,1,,,,,10,
,,,,,,,十勝東和,十勝東和,日本国有鉄道,広尾線,,日本国有鉄道,広尾線,,1,1,,,,,11,
,,,,,,,大樹,大樹,日本国有鉄道,広尾線,,日本国有鉄道,広尾線,,1,1,,,,,12,
,,,,,,,石坂,石坂,日本国有鉄道,広尾線,,日本国有鉄道,広尾線,,1,1,,,,,13,
,,,,,,,豊似,豊似,日本国有鉄道,広尾線,,日本国有鉄道,広尾線,,1,1,,,,,14,
,,,,,,,野塚,野塚,日本国有鉄道,広尾線,,日本国有鉄道,広尾線,,1,1,,,,,15,
,,,,,,,新生,新生,日本国有鉄道,広尾線,,日本国有鉄道,広尾線,,1,1,,,,,16,
,,,,,,,広尾,広尾,日本国有鉄道,広尾線,,日本国有鉄道,広尾線,,1,1,,,,,17,
,,,,,,,帯広,帯広,日本国有鉄道,士幌線,,日本国有鉄道,士幌線,,1,1,,,,,1,
,,,,,,,木野,木野,日本国有鉄道,士幌線,,日本国有鉄道,士幌線,,1,1,,,,,2,
,,,,,,,音更,音更,日本国有鉄道,士幌線,,日本国有鉄道,士幌線,,1,1,,,,,3,
,,,,,,,駒場,駒場,日本国有鉄道,士幌線,,日本国有鉄道,士幌線,,1,1,,,,,4,
,,,,,,,武儀,武儀,日本国有鉄道,士幌線,,日本国有鉄道,士幌線,,1,1,,,,,5,
,,,,,,,中士幌,中士幌,日本国有鉄道,士幌線,,日本国有鉄道,士幌線,,1,1,,,,,6,
,,,,,,,新士幌(仮),新士幌(仮),日本国有鉄道,士幌線,,日本国有鉄道,士幌線,,1,1,,,,,7,
,,,,,,,士幌,士幌,日本国有鉄道,士幌線,,日本国有鉄道,士幌線,,1,1,,,,,8,
,,,,,,,北平和,北平和,日本国有鉄道,士幌線,,日本国有鉄道,士幌線,,1,1,,,,,9,
,,,,,,,上士幌,上士幌,日本国有鉄道,士幌線,,日本国有鉄道,士幌線,,1,1,,,,,10,
,,,,,,,萩ヶ岡,萩ヶ岡,日本国有鉄道,士幌線,,日本国有鉄道,士幌線,,1,1,,,,,11,
,,,,,,,清水谷,清水谷,日本国有鉄道,士幌線,,日本国有鉄道,士幌線,,1,1,,,,,12,
,,,,,,,黒石平,黒石平,日本国有鉄道,士幌線,,日本国有鉄道,士幌線,,1,1,,,,,13,
,,,,,,,電力所前(仮),電力所前(仮),日本国有鉄道,士幌線,,日本国有鉄道,士幌線,,1,1,,,,,14,
,,,,,,,糠平ダム(仮),糠平ダム(仮),日本国有鉄道,士幌線,,日本国有鉄道,士幌線,,1,1,,,,,15,
,,,,,,,糠平,糠平,日本国有鉄道,士幌線,,日本国有鉄道,士幌線,,1,1,,,,,16,
,,,,,,,幌加,幌加,日本国有鉄道,士幌線,,日本国有鉄道,士幌線,,1,1,,,,,17,
,,,,,,,十勝三股,十勝三股,日本国有鉄道,士幌線,,日本国有鉄道,士幌線,,1,1,,,,,18,
,,,,,,,白糠,白糠,日本国有鉄道,白糠線,,日本国有鉄道,白糠線,,1,1,,,,,1,
,,,,,,,上白糠,上白糠,日本国有鉄道,白糠線,,日本国有鉄道,白糠線,,1,1,,,,,2,
,,,,,,,共栄(仮),共栄(仮),日本国有鉄道,白糠線,,日本国有鉄道,白糠線,,1,1,,,,,3,
,,,,,,,茶路,茶路,日本国有鉄道,白糠線,,日本国有鉄道,白糠線,,1,1,,,,,4,
,,,,,,,縫別,縫別,日本国有鉄道,白糠線,,日本国有鉄道,白糠線,,1,1,,,,,5,
,,,,,,,上茶路,上茶路,日本国有鉄道,白糠線,,日本国有鉄道,白糠線,,1,1,,,,,6,
,,,,,,,下北進,下北進,日本国有鉄道,白糠線,,日本国有鉄道,白糠線,,1,1,,,,,7,
,,,,,,,北進,北進,日本国有鉄道,白糠線,,日本国有鉄道,白糠線,,1,1,,,,,8,
,,,,,,,美幌,美幌,日本国有鉄道,相生線,,日本国有鉄道,相生線,,1,1,,,,,1,
,,,,,,,旭通(仮),旭通(仮),日本国有鉄道,相生線,,日本国有鉄道,相生線,,1,1,,,,,2,
,,,,,,,上美幌,上美幌,日本国有鉄道,相生線,,日本国有鉄道,相生線,,1,1,,,,,3,
,,,,,,,豊幌(仮),豊幌(仮),日本国有鉄道,相生線,,日本国有鉄道,相生線,,1,1,,,,,4,
,,,,,,,活汲,活汲,日本国有鉄道,相生線,,日本国有鉄道,相生線,,1,1,,,,,5,
,,,,,,,達美(仮),達美(仮),日本国有鉄道,相生線,,日本国有鉄道,相生線,,1,1,,,,,6,
,,,,,,,津別,津別,日本国有鉄道,相生線,,日本国有鉄道,相生線,,1,1,,,,,7,
,,,,,,,高校前(仮),高校前(仮),日本国有鉄道,相生線,,日本国有鉄道,相生線,,1,1,,,,,8,
,,,,,,,恩根,恩根,日本国有鉄道,相生線,,日本国有鉄道,相生線,,1,1,,,,,9,
,,,,,,,本岐,本岐,日本国有鉄道,相生線,,日本国有鉄道,相生線,,1,1,,,,,10,
,,,,,,,大昭(仮),大昭(仮),日本国有鉄道,相生線,,日本国有鉄道,相生線,,1,1,,,,,11,
,,,,,,,開拓(仮),開拓(仮),日本国有鉄道,相生線,,日本国有鉄道,相生線,,1,1,,,,,12,
,,,,,,,布川,布川,日本国有鉄道,相生線,,日本国有鉄道,相生線,,1,1,,,,,13,
,,,,,,,北見相生,北見相生,日本国有鉄道,相生線,,日本国有鉄道,相生線,,1,1,,,,,14,
,,,,,,,中湧別,中湧別,北海道旅客鉄道株式会社,名寄本線,支線,北海道旅客鉄道株式会社,名寄本線,支線,1,1,,,,,1,
,,,,,,,四号線,四号線,北海道旅客鉄道株式会社,名寄本線,支線,北海道旅客鉄道株式会社,名寄本線,支線,1,1,,,,,2,
,,,,,,,湧別,湧別,北海道旅客鉄道株式会社,名寄本線,支線,北海道旅客鉄道株式会社,名寄本線,支線,1,1,,,,,3,
,,,,,,,中湧別,中湧別,日本国有鉄道,湧網線,,日本国有鉄道,湧網線,,1,1,,,,,1,
,,,,,,,五鹿山(仮),五鹿山(仮),日本国有鉄道,湧網線,,日本国有鉄道,湧網線,,1,1,,,,,2,
,,,,,,,福島(仮),福島(仮),日本国有鉄道,湧網線,,日本国有鉄道,湧網線,,1,1,,,,,3,
,,,,,,,芭露,芭露,日本国有鉄道,湧網線,,日本国有鉄道,湧網線,,1,1,,,,,4,
,,,,,,,志撫子(仮),志撫子(仮),日本国有鉄道,湧網線,,日本国有鉄道,湧網線,,1,1,,,,,5,
,,,,,,,計呂地,計呂地,日本国有鉄道,湧網線,,日本国有鉄道,湧網線,,1,1,,,,,6,
,,,,,,,浜床丹(仮),浜床丹(仮),日本国有鉄道,湧網線,,日本国有鉄道,湧網線,,1,1,,,,,7,
,,,,,,,床丹,床丹,日本国有鉄道,湧網線,,日本国有鉄道,湧網線,,1,1,,,,,8,
,,,,,,,若里(仮),若里(仮),日本国有鉄道,湧網線,,日本国有鉄道,湧網線,,1,1,,,,,9,
,,,,,,,佐呂間,佐呂間,日本国有鉄道,湧網線,,日本国有鉄道,湧網線,,1,1,,,,,10,
,,,,,,,堺橋(仮),堺橋(仮),日本国有鉄道,湧網線,,日本国有鉄道,湧網線,,1,1,,,,,11,
,,,,,,,興生沢(仮),興生沢(仮),日本国有鉄道,湧網線,,日本国有鉄道,湧網線,,1,1,,,,,12,
,,,,,,,知来,知来,日本国有鉄道,湧網線,,日本国有鉄道,湧網線,,1,1,,,,,13,
,,,,,,,紅葉橋(仮),紅葉橋(仮),日本国有鉄道,湧網線,,日本国有鉄道,湧網線,,1,1,,,,,14,
,,,,,,,仁倉,仁倉,日本国有鉄道,湧網線,,日本国有鉄道,湧網線,,1,1,,,,,15,
,,,,,,,浜佐呂間,浜佐呂間,日本国有鉄道,湧網線,,日本国有鉄道,湧網線,,1,1,,,,,16,
,,,,,,,北見富丘,北見富丘,日本国有鉄道,湧網線,,日本国有鉄道,湧網線,,1,1,,,,,17,
,,,,,,,東富丘(仮),東富丘(仮),日本国有鉄道,湧網線,,日本国有鉄道,湧網線,,1,1,,,,,18,
,,,,,,,北見共立,北見共立,日本国有鉄道,湧網線,,日本国有鉄道,湧網線,,1,1,,,,,19,
,,,,,,,土佐(仮),土佐(仮),日本国有鉄道,湧網線,,日本国有鉄道,湧網線,,1,1,,,,,20,
,,,,,,,常呂,常呂,日本国有鉄道,湧網線,,日本国有鉄道,湧網線,,1,1,,,,,21,
,,,,,,,常呂港(仮),常呂港(仮),日本国有鉄道,湧網線,,日本国有鉄道,湧網線,,1,1,,,,,22,
,,,,,,,能取,能取,日本国有鉄道,湧網線,,日本国有鉄道,湧網線,,1,1,,,,,23,
,,,,,,,中能取(仮),中能取(仮),日本国有鉄道,湧網線,,日本国有鉄道,湧網線,,1,1,,,,,24,
,,,,,,,北見平和,北見平和,日本国有鉄道,湧網線,,日本国有鉄道,湧網線,,1,1,,,,,25,
,,,,,,,卯原内,卯原内,日本国有鉄道,湧網線,,日本国有鉄道,湧網線,,1,1,,,,,26,
,,,,,,,二見中央(仮),二見中央(仮),日本国有鉄道,湧網線,,日本国有鉄道,湧網線,,1,1,,,,,27,
,,,,,,,二見ケ岡,二見ケ岡,日本国有鉄道,湧網線,,日本国有鉄道,湧網線,,1,1,,,,,28,
,,,,,,,大曲(仮),大曲(仮),日本国有鉄道,湧網線,,日本国有鉄道,湧網線,,1,1,,,,,29,
,,,,,,,網走,網走,日本国有鉄道,湧網線,,日本国有鉄道,湧網線,,1,1,,,,,30,
,,,,,,,名寄,名寄,北海道旅客鉄道株式会社,名寄本線,,北海道旅客鉄道株式会社,名寄本線,,1,1,,,,,1,
,,,,,,,中名寄,中名寄,北海道旅客鉄道株式会社,名寄本線,,北海道旅客鉄道株式会社,名寄本線,,1,1,,,,,2,
,,,,,,,上名寄,上名寄,北海道旅客鉄道株式会社,名寄本線,,北海道旅客鉄道株式会社,名寄本線,,1,1,,,,,3,
,,,,,,,矢文,矢文,北海道旅客鉄道株式会社,名寄本線,,北海道旅客鉄道株式会社,名寄本線,,1,1,,,,,4,
,,,,,,,岐阜橋,岐阜橋,北海道旅客鉄道株式会社,名寄本線,,北海道旅客鉄道株式会社,名寄本線,,1,1,,,,,5,
,,,,,,,下川,下川,北海道旅客鉄道株式会社,名寄本線,,北海道旅客鉄道株式会社,名寄本線,,1,1,,,,,6,
,,,,,,,二ノ橋,二ノ橋,北海道旅客鉄道株式会社,名寄本線,,北海道旅客鉄道株式会社,名寄本線,,1,1,,,,,7,
,,,,,,,幸成,幸成,北海道旅客鉄道株式会社,名寄本線,,北海道旅客鉄道株式会社,名寄本線,,1,1,,,,,8,
,,,,,,,一ノ橋,一ノ橋,北海道旅客鉄道株式会社,名寄本線,,北海道旅客鉄道株式会社,名寄本線,,1,1,,,,,9,
,,,,,,,上興部,上興部,北海道旅客鉄道株式会社,名寄本線,,北海道旅客鉄道株式会社,名寄本線,,1,1,,,,,10,
,,,,,,,西興部,西興部,北海道旅客鉄道株式会社,名寄本線,,北海道旅客鉄道株式会社,名寄本線,,1,1,,,,,11,
,,,,,,,六興,六興,北海道旅客鉄道株式会社,名寄本線,,北海道旅客鉄道株式会社,名寄本線,,1,1,,,,,12,
,,,,,,,中興部,中興部,北海道旅客鉄道株式会社,名寄本線,,北海道旅客鉄道株式会社,名寄本線,,1,1,,,,,13,
,,,,,,,班渓,班渓,北海道旅客鉄道株式会社,名寄本線,,北海道旅客鉄道株式会社,名寄本線,,1,1,,,,,14,
,,,,,,,宇津,宇津,北海道旅客鉄道株式会社,名寄本線,,北海道旅客鉄道株式会社,名寄本線,,1,1,,,,,15,
,,,,,,,北興,北興,北海道旅客鉄道株式会社,名寄本線,,北海道旅客鉄道株式会社,名寄本線,,1,1,,,,,16,
,,,,,,,興部,興部,北海道旅客鉄道株式会社,名寄本線,,北海道旅客鉄道株式会社,名寄本線,,1,1,,,,,17,
,,,,,,,旭ケ丘,旭ケ丘,北海道旅客鉄道株式会社,名寄本線,,北海道旅客鉄道株式会社,名寄本線,,1,1,,,,,18,
,,,,,,,豊野,豊野,北海道旅客鉄道株式会社,名寄本線,,北海道旅客鉄道株式会社,名寄本線,,1,1,,,,,19,
,,,,,,,沙留,沙留,北海道旅客鉄道株式会社,名寄本線,,北海道旅客鉄道株式会社,名寄本線,,1,1,,,,,20,
,,,,,,,富丘,富丘,北海道旅客鉄道株式会社,名寄本線,,北海道旅客鉄道株式会社,名寄本線,,1,1,,,,,21,
,,,,,,,渚滑,渚滑,北海道旅客鉄道株式会社,名寄本線,,北海道旅客鉄道株式会社,名寄本線,,1,1,,,,,22,
,,,,,,,潮見町,潮見町,北海道旅客鉄道株式会社,名寄本線,,北海道旅客鉄道株式会社,名寄本線,,1,1,,,,,23,
,,,,,,,紋別,紋別,北海道旅客鉄道株式会社,名寄本線,,北海道旅客鉄道株式会社,名寄本線,,1,1,,,,,24,
,,,,,,,元紋別,元紋別,北海道旅客鉄道株式会社,名寄本線,,北海道旅客鉄道株式会社,名寄本線,,1,1,,,,,25,
,,,,,,,一本松,一本松,北海道旅客鉄道株式会社,名寄本線,,北海道旅客鉄道株式会社,名寄本線,,1,1,,,,,26,
,,,,,,,小向,小向,北海道旅客鉄道株式会社,名寄本線,,北海道旅客鉄道株式会社,名寄本線,,1,1,,,,,27,
,,,,,,,弘道,弘道,北海道旅客鉄道株式会社,名寄本線,,北海道旅客鉄道株式会社,名寄本線,,1,1,,,,,28,
,,,,,,,沼ノ上,沼ノ上,北海道旅客鉄道株式会社,名寄本線,,北海道旅客鉄道株式会社,名寄本線,,1,1,,,,,29,
,,,,,,,旭,旭,北海道旅客鉄道株式会社,名寄本線,,北海道旅客鉄道株式会社,名寄本線,,1,1,,,,,30,
,,,,,,,川西,川西,北海道旅客鉄道株式会社,名寄本線,,北海道旅客鉄道株式会社,名寄本線,,1,1,,,,,31,
,,,,,,,中湧別,中湧別,北海道旅客鉄道株式会社,名寄本線,,北海道旅客鉄道株式会社,名寄本線,,1,1,,,,,32,
,,,,,,,北湧,北湧,北海道旅客鉄道株式会社,名寄本線,,北海道旅客鉄道株式会社,名寄本線,,1,1,,,,,33,
,,,,,,,上湧別,上湧別,北海道旅客鉄道株式会社,名寄本線,,北海道旅客鉄道株式会社,名寄本線,,1,1,,,,,34,
,,,,,,,共進,共進,北海道旅客鉄道株式会社,名寄本線,,北海道旅客鉄道株式会社,名寄本線,,1,1,,,,,35,
,,,,,,,開盛,開盛,北海道旅客鉄道株式会社,名寄本線,,北海道旅客鉄道株式会社,名寄本線,,1,1,,,,,36,
,,,,,,,北遠軽,北遠軽,北海道旅客鉄道株式会社,名寄本線,,北海道旅客鉄道株式会社,名寄本線,,1,1,,,,,37,
,,,,,,,遠軽,遠軽,北海道旅客鉄道株式会社,名寄本線,,北海道旅客鉄道株式会社,名寄本線,,1,1,,,,,38,
,,,,,,,深川,深川,北海道旅客鉄道株式会社,深名線,,北海道旅客鉄道株式会社,深名線,,1,1,,,,,1,
,,,,,,,円山,円山,北海道旅客鉄道株式会社,深名線,,北海道旅客鉄道株式会社,深名線,,1,1,,,,,2,
,,,,,,,上多度志,上多度志,北海道旅客鉄道株式会社,深名線,,北海道旅客鉄道株式会社,深名線,,1,1,,,,,3,
,,,,,,,多度志,多度志,北海道旅客鉄道株式会社,深名線,,北海道旅客鉄道株式会社,深名線,,1,1,,,,,4,
,,,,,,,宇摩,宇摩,北海道旅客鉄道株式会社,深名線,,北海道旅客鉄道株式会社,深名線,,1,1,,,,,5,
,,,,,,,幌成,幌成,北海道旅客鉄道株式会社,深名線,,北海道旅客鉄道株式会社,深名線,,1,1,,,,,6,
,,,,,,,下幌成,下幌成,北海道旅客鉄道株式会社,深名線,,北海道旅客鉄道株式会社,深名線,,1,1,,,,,7,
,,,,,,,鷹泊,鷹泊,北海道旅客鉄道株式会社,深名線,,北海道旅客鉄道株式会社,深名線,,1,1,,,,,8,
,,,,,,,沼牛,沼牛,北海道旅客鉄道株式会社,深名線,,北海道旅客鉄道株式会社,深名線,,1,1,,,,,9,
,,,,,,,新成生,新成生,北海道旅客鉄道株式会社,深名線,,北海道旅客鉄道株式会社,深名線,,1,1,,,,,10,
,,,,,,,幌加内,幌加内,北海道旅客鉄道株式会社,深名線,,北海道旅客鉄道株式会社,深名線,,1,1,,,,,11,
,,,,,,,上幌加内,上幌加内,北海道旅客鉄道株式会社,深名線,,北海道旅客鉄道株式会社,深名線,,1,1,,,,,12,
,,,,,,,政和,政和,北海道旅客鉄道株式会社,深名線,,北海道旅客鉄道株式会社,深名線,,1,1,,,,,13,
,,,,,,,新富,新富,北海道旅客鉄道株式会社,深名線,,北海道旅客鉄道株式会社,深名線,,1,1,,,,,14,
,,,,,,,添牛内,添牛内,北海道旅客鉄道株式会社,深名線,,北海道旅客鉄道株式会社,深名線,,1,1,,,,,15,
,,,,,,,共栄,共栄,北海道旅客鉄道株式会社,深名線,,北海道旅客鉄道株式会社,深名線,,1,1,,,,,16,
,,,,,,,朱鞠内,朱鞠内,北海道旅客鉄道株式会社,深名線,,北海道旅客鉄道株式会社,深名線,,1,1,,,,,17,
,,,,,,,湖畔,湖畔,北海道旅客鉄道株式会社,深名線,,北海道旅客鉄道株式会社,深名線,,1,1,,,,,18,
,,,,,,,北母子里,北母子里,北海道旅客鉄道株式会社,深名線,,北海道旅客鉄道株式会社,深名線,,1,1,,,,,19,
,,,,,,,天塩弥生,天塩弥生,北海道旅客鉄道株式会社,深名線,,北海道旅客鉄道株式会社,深名線,,1,1,,,,,20,
,,,,,,,西名寄,西名寄,北海道旅客鉄道株式会社,深名線,,北海道旅客鉄道株式会社,深名線,,1,1,,,,,21,
,,,,,,,名寄,名寄,北海道旅客鉄道株式会社,深名線,,北海道旅客鉄道株式会社,深名線,,1,1,,,,,22,
,,,,,,,渚滑,渚滑,日本国有鉄道,渚滑線,,日本国有鉄道,渚滑線,,1,1,,,,,1,
,,,,,,,元西(仮),元西(仮),日本国有鉄道,渚滑線,,日本国有鉄道,渚滑線,,1,1,,,,,2,
,,,,,,,下渚滑,下渚滑,日本国有鉄道,渚滑線,,日本国有鉄道,渚滑線,,1,1,,,,,3,
,,,,,,,十六号線(仮),十六号線(仮),日本国有鉄道,渚滑線,,日本国有鉄道,渚滑線,,1,1,,,,,4,
,,,,,,,中渚滑,中渚滑,日本国有鉄道,渚滑線,,日本国有鉄道,渚滑線,,1,1,,,,,5,
,,,,,,,上東(仮),上東(仮),日本国有鉄道,渚滑線,,日本国有鉄道,渚滑線,,1,1,,,,,6,
,,,,,,,上渚滑,上渚滑,日本国有鉄道,渚滑線,,日本国有鉄道,渚滑線,,1,1,,,,,7,
,,,,,,,奥東(仮),奥東(仮),日本国有鉄道,渚滑線,,日本国有鉄道,渚滑線,,1,1,,,,,8,
,,,,,,,滝ノ下,滝ノ下,日本国有鉄道,渚滑線,,日本国有鉄道,渚滑線,,1,1,,,,,9,
,,,,,,,雄鎮内(仮),雄鎮内(仮),日本国有鉄道,渚滑線,,日本国有鉄道,渚滑線,,1,1,,,,,10,
,,,,,,,濁川,濁川,日本国有鉄道,渚滑線,,日本国有鉄道,渚滑線,,1,1,,,,,11,
,,,,,,,北見滝ノ上,北見滝ノ上,日本国有鉄道,渚滑線,,日本国有鉄道,渚滑線,,1,1,,,,,12,
,,,,,,,興部,興部,日本国有鉄道,興浜南線,,日本国有鉄道,興浜南線,,1,1,,,,,1,
,,,,,,,沢木,沢木,日本国有鉄道,興浜南線,,日本国有鉄道,興浜南線,,1,1,,,,,2,
,,,,,,,元沢木(仮),元沢木(仮),日本国有鉄道,興浜南線,,日本国有鉄道,興浜南線,,1,1,,,,,3,
,,,,,,,栄丘,栄丘,日本国有鉄道,興浜南線,,日本国有鉄道,興浜南線,,1,1,,,,,4,
,,,,,,,雄武共栄(仮),雄武共栄(仮),日本国有鉄道,興浜南線,,日本国有鉄道,興浜南線,,1,1,,,,,5,
,,,,,,,雄武,雄武,日本国有鉄道,興浜南線,,日本国有鉄道,興浜南線,,1,1,,,,,6,
,,,,,,,音威子府,音威子府,北海道旅客鉄道株式会社,天北線,,北海道旅客鉄道株式会社,天北線,,1,1,,,,,1,
,,,,,,,上音威子府,上音威子府,北海道旅客鉄道株式会社,天北線,,北海道旅客鉄道株式会社,天北線,,1,1,,,,,2,
,,,,,,,小頓別,小頓別,北海道旅客鉄道株式会社,天北線,,北海道旅客鉄道株式会社,天北線,,1,1,,,,,3,
,,,,,,,上頓別,上頓別,北海道旅客鉄道株式会社,天北線,,北海道旅客鉄道株式会社,天北線,,1,1,,,,,4,
,,,,,,,恵野,恵野,北海道旅客鉄道株式会社,天北線,,北海道旅客鉄道株式会社,天北線,,1,1,,,,,5,
,,,,,,,敏音知,敏音知,北海道旅客鉄道株式会社,天北線,,北海道旅客鉄道株式会社,天北線,,1,1,,,,,6,
,,,,,,,周磨,周磨,北海道旅客鉄道株式会社,天北線,,北海道旅客鉄道株式会社,天北線,,1,1,,,,,7,
,,,,,,,松音知,松音知,北海道旅客鉄道株式会社,天北線,,北海道旅客鉄道株式会社,天北線,,1,1,,,,,8,
,,,,,,,上駒,上駒,北海道旅客鉄道株式会社,天北線,,北海道旅客鉄道株式会社,天北線,,1,1,,,,,9,
,,,,,,,中頓別,中頓別,北海道旅客鉄道株式会社,天北線,,北海道旅客鉄道株式会社,天北線,,1,1,,,,,10,
,,,,,,,寿,寿,北海道旅客鉄道株式会社,天北線,,北海道旅客鉄道株式会社,天北線,,1,1,,,,,11,
,,,,,,,新弥生,新弥生,北海道旅客鉄道株式会社,天北線,,北海道旅客鉄道株式会社,天北線,,1,1,,,,,12,
,,,,,,,下頓別,下頓別,北海道旅客鉄道株式会社,天北線,,北海道旅客鉄道株式会社,天北線,,1,1,,,,,13,
,,,,,,,常盤,常盤,北海道旅客鉄道株式会社,天北線,,北海道旅客鉄道株式会社,天北線,,1,1,,,,,14,
,,,,,,,浜頓別,浜頓別,北海道旅客鉄道株式会社,天北線,,北海道旅客鉄道株式会社,天北線,,1,1,,,,,15,
,,,,,,,山軽,山軽,北海道旅客鉄道株式会社,天北線,,北海道旅客鉄道株式会社,天北線,,1,1,,,,,16,
,,,,,,,安別,安別,北海道旅客鉄道株式会社,天北線,,北海道旅客鉄道株式会社,天北線,,1,1,,,,,17,
,,,,,,,飛行場前,飛行場前,北海道旅客鉄道株式会社,天北線,,北海道旅客鉄道株式会社,天北線,,1,1,,,,,18,
,,,,,,,浅茅野,浅茅野,北海道旅客鉄道株式会社,天北線,,北海道旅客鉄道株式会社,天北線,,1,1,,,,,19,
,,,,,,,猿払,猿払,北海道旅客鉄道株式会社,天北線,,北海道旅客鉄道株式会社,天北線,,1,1,,,,,20,
,,,,,,,芦野,芦野,北海道旅客鉄道株式会社,天北線,,北海道旅客鉄道株式会社,天北線,,1,1,,,,,21,
,,,,,,,鬼志別,鬼志別,北海道旅客鉄道株式会社,天北線,,北海道旅客鉄道株式会社,天北線,,1,1,,,,,22,
,,,,,,,小石,小石,北海道旅客鉄道株式会社,天北線,,北海道旅客鉄道株式会社,天北線,,1,1,,,,,23,
,,,,,,,曲淵,曲淵,北海道旅客鉄道株式会社,天北線,,北海道旅客鉄道株式会社,天北線,,1,1,,,,,24,
,,,,,,,沼川,沼川,北海道旅客鉄道株式会社,天北線,,北海道旅客鉄道株式会社,天北線,,1,1,,,,,25,
,,,,,,,樺岡,樺岡,北海道旅客鉄道株式会社,天北線,,北海道旅客鉄道株式会社,天北線,,1,1,,,,,26,
,,,,,,,恵北,恵北,北海道旅客鉄道株式会社,天北線,,北海道旅客鉄道株式会社,天北線,,1,1,,,,,27,
,,,,,,,声問,声問,北海道旅客鉄道株式会社,天北線,,北海道旅客鉄道株式会社,天北線,,1,1,,,,,28,
,,,,,,,宇遠内,宇遠内,北海道旅客鉄道株式会社,天北線,,北海道旅客鉄道株式会社,天北線,,1,1,,,,,29,
,,,,,,,南稚内,南稚内,北海道旅客鉄道株式会社,天北線,,北海道旅客鉄道株式会社,天北線,,1,1,,,,,30,
,,,,,,,美深,美深,日本国有鉄道,美幸線,,日本国有鉄道,美幸線,,1,1,,,,,1,
,,,,,,,東美深,東美深,日本国有鉄道,美幸線,,日本国有鉄道,美幸線,,1,1,,,,,2,
,,,,,,,辺渓,辺渓,日本国有鉄道,美幸線,,日本国有鉄道,美幸線,,1,1,,,,,3,
,,,,,,,仁宇布,仁宇布,日本国有鉄道,美幸線,,日本国有鉄道,美幸線,,1,1,,,,,4,
,,,,,,,浜頓別,浜頓別,日本国有鉄道,興浜北線,,日本国有鉄道,興浜北線,,1,1,,,,,1,
,,,,,,,頓別(仮),頓別(仮),日本国有鉄道,興浜北線,,日本国有鉄道,興浜北線,,1,1,,,,,2,
,,,,,,,豊牛,豊牛,日本国有鉄道,興浜北線,,日本国有鉄道,興浜北線,,1,1,,,,,3,
,,,,,,,豊浜(仮),豊浜(仮),日本国有鉄道,興浜北線,,日本国有鉄道,興浜北線,,1,1,,,,,4,
,,,,,,,斜内,斜内,日本国有鉄道,興浜北線,,日本国有鉄道,興浜北線,,1,1,,,,,5,
,,,,,,,目梨泊,目梨泊,日本国有鉄道,興浜北線,,日本国有鉄道,興浜北線,,1,1,,,,,6,
,,,,,,,山臼(仮),山臼(仮),日本国有鉄道,興浜北線,,日本国有鉄道,興浜北線,,1,1,,,,,7,
,,,,,,,問牧,問牧,日本国有鉄道,興浜北線,,日本国有鉄道,興浜北線,,1,1,,,,,8,
,,,,,,,北見枝幸,北見枝幸,日本国有鉄道,興浜北線,,日本国有鉄道,興浜北線,,1,1,,,,,9,
,,,,,,,茂市,茂市,東日本旅客鉄道株式会社,岩泉線,,東日本旅客鉄道株式会社,岩泉線,,1,1,,,,,1,
,,,,,,,岩手刈谷,岩手刈谷,東日本旅客鉄道株式会社,岩泉線,,東日本旅客鉄道株式会社,岩泉線,,1,1,,,,,2,
,,,,,,,中里,中里,東日本旅客鉄道株式会社,岩泉線,,東日本旅客鉄道株式会社,岩泉線,,1,1,,,,,3,
,,,,,,,岩手和井内,岩手和井内,東日本旅客鉄道株式会社,岩泉線,,東日本旅客鉄道株式会社,岩泉線,,1,1,,,,,4,
,,,,,,,押角,押角,東日本旅客鉄道株式会社,岩泉線,,東日本旅客鉄道株式会社,岩泉線,,1,1,,,,,5,
,,,,,,,岩手大川,岩手大川,東日本旅客鉄道株式会社,岩泉線,,東日本旅客鉄道株式会社,岩泉線,,1,1,,,,,6,
,,,,,,,浅内,浅内,東日本旅客鉄道株式会社,岩泉線,,東日本旅客鉄道株式会社,岩泉線,,1,1,,,,,7,
,,,,,,,二升石,二升石,東日本旅客鉄道株式会社,岩泉線,,東日本旅客鉄道株式会社,岩泉線,,1,1,,,,,8,
,,,,,,,岩泉,岩泉,東日本旅客鉄道株式会社,岩泉線,,東日本旅客鉄道株式会社,岩泉線,,1,1,,,,,9,
,,,,,,,松川,松川,日本国有鉄道,川俣線,,日本国有鉄道,川俣線,,1,1,,,,,1,
,,,,,,,岩代飯野,岩代飯野,日本国有鉄道,川俣線,,日本国有鉄道,川俣線,,1,1,,,,,2,
,,,,,,,岩代川俣,岩代川俣,日本国有鉄道,川俣線,,日本国有鉄道,川俣線,,1,1,,,,,3,
,,,,,,,喜多方,喜多方,日本国有鉄道,日中線,,日本国有鉄道,日中線,,1,1,,,,,1,
,,,,,,,会津村松,会津村松,日本国有鉄道,日中線,,日本国有鉄道,日中線,,1,1,,,,,2,
,,,,,,,上三宮,上三宮,日本国有鉄道,日中線,,日本国有鉄道,日中線,,1,1,,,,,3,
,,,,,,,会津加納,会津加納,日本国有鉄道,日中線,,日本国有鉄道,日中線,,1,1,,,,,4,
,,,,,,,熱塩,熱塩,日本国有鉄道,日中線,,日本国有鉄道,日中線,,1,1,,,,,5,
,,,,,,,長野原,長野原,日本国有鉄道,吾妻線,旧線,日本国有鉄道,吾妻線,旧線,1,1,,,,,1,
,,,,,,,太子,太子,日本国有鉄道,吾妻線,旧線,日本国有鉄道,吾妻線,旧線,1,1,,,,,2,
,,,,,,,武蔵五日市,武蔵五日市,日本国有鉄道,五日市線,武蔵五日市～武蔵岩井,日本国有鉄道,五日市線,武蔵五日市～武蔵岩井,1,1,,,,,1,
,,,,,,,大久野,大久野,日本国有鉄道,五日市線,武蔵五日市～武蔵岩井,日本国有鉄道,五日市線,武蔵五日市～武蔵岩井,1,1,,,,,2,
,,,,,,,武蔵岩井,武蔵岩井,日本国有鉄道,五日市線,武蔵五日市～武蔵岩井,日本国有鉄道,五日市線,武蔵五日市～武蔵岩井,1,1,,,,,3,
,,,,,,,国分寺,国分寺,日本国有鉄道,中央本線,支線,日本国有鉄道,中央本線,支線,1,1,,,,,1,
,,,,,,,北府中,北府中,日本国有鉄道,中央本線,支線,日本国有鉄道,中央本線,支線,1,1,,,,,2,
,,,,,,,東京競馬場前,東京競馬場前,日本国有鉄道,中央本線,支線,日本国有鉄道,中央本線,支線,1,1,,,,,3,
,,,,,,,寒川,寒川,日本国有鉄道,相模線,支線,日本国有鉄道,相模線,支線,1,1,,,,,1,
,,,,,,,西寒川,西寒川,日本国有鉄道,相模線,支線,日本国有鉄道,相模線,支線,1,1,,,,,2,
,,,,,,,横川,横川,東日本旅客鉄道株式会社,信越本線,横川～軽井沢,東日本旅客鉄道株式会社,信越本線,横川～軽井沢,1,1,,,,,1,
,,,,,,,軽井沢,軽井沢,東日本旅客鉄道株式会社,信越本線,横川～軽井沢,東日本旅客鉄道株式会社,信越本線,横川～軽井沢,1,1,,,,,2,
,,,,,,,新発田,新発田,日本国有鉄道,赤谷線,,日本国有鉄道,赤谷線,,1,1,,,,,1,
,,,,,,,東中学校前(仮),東中学校前(仮),日本国有鉄道,赤谷線,,日本国有鉄道,赤谷線,,1,1,,,,,2,
,,,,,,,五十公野,五十公野,日本国有鉄道,赤谷線,,日本国有鉄道,赤谷線,,1,1,,,,,3,
,,,,,,,新江口,新江口,日本国有鉄道,赤谷線,,日本国有鉄道,赤谷線,,1,1,,,,,4,
,,,,,,,米倉,米倉,日本国有鉄道,赤谷線,,日本国有鉄道,赤谷線,,1,1,,,,,5,
,,,,,,,新山内,新山内,日本国有鉄道,赤谷線,,日本国有鉄道,赤谷線,,1,1,,,,,6,
,,,,,,,赤谷,赤谷,日本国有鉄道,赤谷線,,日本国有鉄道,赤谷線,,1,1,,,,,7,
,,,,,,,東赤谷,東赤谷,日本国有鉄道,赤谷線,,日本国有鉄道,赤谷線,,1,1,,,,,8,
,,,,,,,来迎寺,来迎寺,日本国有鉄道,魚沼線,,日本国有鉄道,魚沼線,,1,1,,,,,1,
,,,,,,,片貝,片貝,日本国有鉄道,魚沼線,,日本国有鉄道,魚沼線,,1,1,,,,,2,
,,,,,,,高梨,高梨,日本国有鉄道,魚沼線,,日本国有鉄道,魚沼線,,1,1,,,,,3,
,,,,,,,小粟田,小粟田,日本国有鉄道,魚沼線,,日本国有鉄道,魚沼線,,1,1,,,,,4,
,,,,,,,西小千谷,西小千谷,日本国有鉄道,魚沼線,,日本国有鉄道,魚沼線,,1,1,,,,,5,
,,,,,,,東三条,東三条,日本国有鉄道,弥彦線,東三条～越後長沢,日本国有鉄道,弥彦線,東三条～越後長沢,1,1,,,,,1,
,,,,,,,越後大崎,越後大崎,日本国有鉄道,弥彦線,東三条～越後長沢,日本国有鉄道,弥彦線,東三条～越後長沢,1,1,,,,,2,
,,,,,,,大浦,大浦,日本国有鉄道,弥彦線,東三条～越後長沢,日本国有鉄道,弥彦線,東三条～越後長沢,1,1,,,,,3,
,,,,,,,越後長沢,越後長沢,日本国有鉄道,弥彦線,東三条～越後長沢,日本国有鉄道,弥彦線,東三条～越後長沢,1,1,,,,,4,
,,,,,,,清水,清水,日本国有鉄道,清水港線,,日本国有鉄道,清水港線,,1,1,,,,,1,
,,,,,,,清水埠頭,清水埠頭,日本国有鉄道,清水港線,,日本国有鉄道,清水港線,,1,1,,,,,2,
,,,,,,,巴川口,巴川口,日本国有鉄道,清水港線,,日本国有鉄道,清水港線,,1,1,,,,,3,
,,,,,,,折戸,折戸,日本国有鉄道,清水港線,,日本国有鉄道,清水港線,,1,1,,,,,4,
,,,,,,,三保,三保,日本国有鉄道,清水港線,,日本国有鉄道,清水港線,,1,1,,,,,5,
,,,,,,,金津,金津,日本国有鉄道,三国線,,日本国有鉄道,三国線,,1,1,,,,,1,
,,,,,,,芦原,芦原,日本国有鉄道,三国線,,日本国有鉄道,三国線,,1,1,,,,,2,
,,,,,,,片町,片町,西日本旅客鉄道株式会社,片町線,,西日本旅客鉄道株式会社,片町線,,1,1,,,,,25,
,,,,,,,東舞鶴,東舞鶴,日本国有鉄道,舞鶴線,支線,日本国有鉄道,舞鶴線,支線,1,1,,,,,1,
,,,,,,,北吸,北吸,日本国有鉄道,舞鶴線,支線,日本国有鉄道,舞鶴線,支線,1,1,,,,,2,
,,,,,,,中舞鶴,中舞鶴,日本国有鉄道,舞鶴線,支線,日本国有鉄道,舞鶴線,支線,1,1,,,,,3,
,,,,,,,篠山口,篠山口,日本国有鉄道,篠山線,,日本国有鉄道,篠山線,,1,1,,,,,1,
,,,,,,,篠山,篠山,日本国有鉄道,篠山線,,日本国有鉄道,篠山線,,1,1,,,,,2,
,,,,,,,八上,八上,日本国有鉄道,篠山線,,日本国有鉄道,篠山線,,1,1,,,,,3,
,,,,,,,丹波日置,丹波日置,日本国有鉄道,篠山線,,日本国有鉄道,篠山線,,1,1,,,,,4,
,,,,,,,村雲,村雲,日本国有鉄道,篠山線,,日本国有鉄道,篠山線,,1,1,,,,,5,
,,,,,,,福住,福住,日本国有鉄道,篠山線,,日本国有鉄道,篠山線,,1,1,,,,,6,
,,,,,,,野村,野村,西日本旅客鉄道株式会社,鍛冶屋線,,西日本旅客鉄道株式会社,鍛冶屋線,,1,1,,,,,1,
,,,,,,,西脇,西脇,西日本旅客鉄道株式会社,鍛冶屋線,,西日本旅客鉄道株式会社,鍛冶屋線,,1,1,,,,,2,
,,,,,,,市原,市原,西日本旅客鉄道株式会社,鍛冶屋線,,西日本旅客鉄道株式会社,鍛冶屋線,,1,1,,,,,3,
,,,,,,,羽安,羽安,西日本旅客鉄道株式会社,鍛冶屋線,,西日本旅客鉄道株式会社,鍛冶屋線,,1,1,,,,,4,
,,,,,,,曽我井,曽我井,西日本旅客鉄道株式会社,鍛冶屋線,,西日本旅客鉄道株式会社,鍛冶屋線,,1,1,,,,,5,
,,,,,,,中村町,中村町,西日本旅客鉄道株式会社,鍛冶屋線,,西日本旅客鉄道株式会社,鍛冶屋線,,1,1,,,,,6,
,,,,,,,鍛冶屋,鍛冶屋,西日本旅客鉄道株式会社,鍛冶屋線,,西日本旅客鉄道株式会社,鍛冶屋線,,1,1,,,,,7,
,,,,,,,加古川,加古川,日本国有鉄道,高砂線,,日本国有鉄道,高砂線,,1,1,,,,,1,
,,,,,,,野口,野口,日本国有鉄道,高砂線,,日本国有鉄道,高砂線,,1,1,,,,,2,
,,,,,,,鶴林寺,鶴林寺,日本国有鉄道,高砂線,,日本国有鉄道,高砂線,,1,1,,,,,3,
,,,,,,,尾上,尾上,日本国有鉄道,高砂線,,日本国有鉄道,高砂線,,1,1,,,,,4,
,,,,,,,高砂口,高砂口,日本国有鉄道,高砂線,,日本国有鉄道,高砂線,,1,1,,,,,5,
,,,,,,,高砂北口,高砂北口,日本国有鉄道,高砂線,,日本国有鉄道,高砂線,,1,1,,,,,6,
,,,,,,,高砂,高砂,日本国有鉄道,高砂線,,日本国有鉄道,高砂線,,1,1,,,,,7,
,,,,,,,飾磨港,飾磨港,日本国有鉄道,播但線,飾磨港～姫路,日本国有鉄道,播但線,飾磨港～姫路,1,1,,,,,1,
,,,,,,,飾磨,飾磨,日本国有鉄道,播但線,飾磨港～姫路,日本国有鉄道,播但線,飾磨港～姫路,1,1,,,,,2,
,,,,,,,亀山,亀山,日本国有鉄道,播但線,飾磨港～姫路,日本国有鉄道,播但線,飾磨港～姫路,1,1,,,,,3,
,,,,,,,姫路,姫路,日本国有鉄道,播但線,飾磨港～姫路,日本国有鉄道,播但線,飾磨港～姫路,1,1,,,,,4,
,,,,,,,塚口,塚口,日本国有鉄道,福知山線,尼崎港線,日本国有鉄道,福知山線,尼崎港線,1,1,,,,,1,
,,,,,,,尼崎,尼崎,日本国有鉄道,福知山線,尼崎港線,日本国有鉄道,福知山線,尼崎港線,1,1,,,,,2,
,,,,,,,金楽寺,金楽寺,日本国有鉄道,福知山線,尼崎港線,日本国有鉄道,福知山線,尼崎港線,1,1,,,,,3,
,,,,,,,尼崎港,尼崎港,日本国有鉄道,福知山線,尼崎港線,日本国有鉄道,福知山線,尼崎港線,1,1,,,,,4,
,,,,,,,倉吉,倉吉,日本国有鉄道,倉吉線,,日本国有鉄道,倉吉線,,1,1,,,,,1,
,,,,,,,上灘,上灘,日本国有鉄道,倉吉線,,日本国有鉄道,倉吉線,,1,1,,,,,2,
,,,,,,,打吹,打吹,日本国有鉄道,倉吉線,,日本国有鉄道,倉吉線,,1,1,,,,,3,
,,,,,,,西倉吉,西倉吉,日本国有鉄道,倉吉線,,日本国有鉄道,倉吉線,,1,1,,,,,4,
,,,,,,,小鴨,小鴨,日本国有鉄道,倉吉線,,日本国有鉄道,倉吉線,,1,1,,,,,5,
,,,,,,,上小鴨,上小鴨,日本国有鉄道,倉吉線,,日本国有鉄道,倉吉線,,1,1,,,,,6,
,,,,,,,関金,関金,日本国有鉄道,倉吉線,,日本国有鉄道,倉吉線,,1,1,,,,,7,
,,,,,,,泰久寺,泰久寺,日本国有鉄道,倉吉線,,日本国有鉄道,倉吉線,,1,1,,,,,8,
,,,,,,,山守,山守,日本国有鉄道,倉吉線,,日本国有鉄道,倉吉線,,1,1,,,,,9,
,,,,,,,江津,江津,西日本旅客鉄道株式会社,三江線,,西日本旅客鉄道株式会社,三江線,,1,1,,,,,1,
,,,,,,,江津本町,江津本町,西日本旅客鉄道株式会社,三江線,,西日本旅客鉄道株式会社,三江線,,1,1,,,,,2,
,,,,,,,千金,千金,西日本旅客鉄道株式会社,三江線,,西日本旅客鉄道株式会社,三江線,,1,1,,,,,3,
,,,,,,,川平,川平,西日本旅客鉄道株式会社,三江線,,西日本旅客鉄道株式会社,三江線,,1,1,,,,,4,
,,,,,,,川戸,川戸,西日本旅客鉄道株式会社,三江線,,西日本旅客鉄道株式会社,三江線,,1,1,,,,,5,
,,,,,,,田津,田津,西日本旅客鉄道株式会社,三江線,,西日本旅客鉄道株式会社,三江線,,1,1,,,,,6,
,,,,,,,石見川越,石見川越,西日本旅客鉄道株式会社,三江線,,西日本旅客鉄道株式会社,三江線,,1,1,,,,,7,
,,,,,,,鹿賀,鹿賀,西日本旅客鉄道株式会社,三江線,,西日本旅客鉄道株式会社,三江線,,1,1,,,,,8,
,,,,,,,因原,因原,西日本旅客鉄道株式会社,三江線,,西日本旅客鉄道株式会社,三江線,,1,1,,,,,9,
,,,,,,,石見川本,石見川本,西日本旅客鉄道株式会社,三江線,,西日本旅客鉄道株式会社,三江線,,1,1,,,,,10,
,,,,,,,木路原,木路原,西日本旅客鉄道株式会社,三江線,,西日本旅客鉄道株式会社,三江線,,1,1,,,,,11,
,,,,,,,竹,竹,西日本旅客鉄道株式会社,三江線,,西日本旅客鉄道株式会社,三江線,,1,1,,,,,12,
,,,,,,,乙原,乙原,西日本旅客鉄道株式会社,三江線,,西日本旅客鉄道株式会社,三江線,,1,1,,,,,13,
,,,,,,,石見簗瀬,石見簗瀬,西日本旅客鉄道株式会社,三江線,,西日本旅客鉄道株式会社,三江線,,1,1,,,,,14,
,,,,,,,明塚,明塚,西日本旅客鉄道株式会社,三江線,,西日本旅客鉄道株式会社,三江線,,1,1,,,,,15,
,,,,,,,粕淵,粕淵,西日本旅客鉄道株式会社,三江線,,西日本旅客鉄道株式会社,三江線,,1,1,,,,,16,
,,,,,,,浜原,浜原,西日本旅客鉄道株式会社,三江線,,西日本旅客鉄道株式会社,三江線,,1,1,,,,,17,
,,,,,,,沢谷,沢谷,西日本旅客鉄道株式会社,三江線,,西日本旅客鉄道株式会社,三江線,,1,1,,,,,18,
,,,,,,,潮,潮,西日本旅客鉄道株式会社,三江線,,西日本旅客鉄道株式会社,三江線,,1,1,,,,,19,
,,,,,,,石見松原,石見松原,西日本旅客鉄道株式会社,三江線,,西日本旅客鉄道株式会社,三江線,,1,1,,,,,20,
,,,,,,,石見都賀,石見都賀,西日本旅客鉄道株式会社,三江線,,西日本旅客鉄道株式会社,三江線,,1,1,,,,,21,
,,,,,,,宇都井,宇都井,西日本旅客鉄道株式会社,三江線,,西日本旅客鉄道株式会社,三江線,,1,1,,,,,22,
,,,,,,,伊賀和志,伊賀和志,西日本旅客鉄道株式会社,三江線,,西日本旅客鉄道株式会社,三江線,,1,1,,,,,23,
,,,,,,,口羽,口羽,西日本旅客鉄道株式会社,三江線,,西日本旅客鉄道株式会社,三江線,,1,1,,,,,24,
,,,,,,,江平,江平,西日本旅客鉄道株式会社,三江線,,西日本旅客鉄道株式会社,三江線,,1,1,,,,,25,
,,,,,,,作木口,作木口,西日本旅客鉄道株式会社,三江線,,西日本旅客鉄道株式会社,三江線,,1,1,,,,,26,
,,,,,,,香淀,香淀,西日本旅客鉄道株式会社,三江線,,西日本旅客鉄道株式会社,三江線,,1,1,,,,,27,
,,,,,,,式敷,式敷,西日本旅客鉄道株式会社,三江線,,西日本旅客鉄道株式会社,三江線,,1,1,,,,,28,
,,,,,,,信木,信木,西日本旅客鉄道株式会社,三江線,,西日本旅客鉄道株式会社,三江線,,1,1,,,,,29,
,,,,,,,所木,所木,西日本旅客鉄道株式会社,三江線,,西日本旅客鉄道株式会社,三江線,,1,1,,,,,30,
,,,,,,,船佐,船佐,西日本旅客鉄道株式会社,三江線,,西日本旅客鉄道株式会社,三江線,,1,1,,,,,31,
,,,,,,,長谷,長谷,西日本旅客鉄道株式会社,三江線,,西日本旅客鉄道株式会社,三江線,,1,1,,,,,32,
,,,,,,,粟屋,粟屋,西日本旅客鉄道株式会社,三江線,,西日本旅客鉄道株式会社,三江線,,1,1,,,,,33,
,,,,,,,尾関山,尾関山,西日本旅客鉄道株式会社,三江線,,西日本旅客鉄道株式会社,三江線,,1,1,,,,,34,
,,,,,,,三次,三次,西日本旅客鉄道株式会社,三江線,,西日本旅客鉄道株式会社,三江線,,1,1,,,,,35,
,,,,,,,出雲市,出雲市,西日本旅客鉄道株式会社,大社線,,西日本旅客鉄道株式会社,大社線,,1,1,,,,,1,
,,,,,,,出雲高松,出雲高松,西日本旅客鉄道株式会社,大社線,,西日本旅客鉄道株式会社,大社線,,1,1,,,,,2,
,,,,,,,荒茅,荒茅,西日本旅客鉄道株式会社,大社線,,西日本旅客鉄道株式会社,大社線,,1,1,,,,,3,
,,,,,,,大社,大社,西日本旅客鉄道株式会社,大社線,,西日本旅客鉄道株式会社,大社線,,1,1,,,,,4,
,,,,,,,可部,可部,西日本旅客鉄道株式会社,可部線,旧線,西日本旅客鉄道株式会社,可部線,旧線,1,1,,,,,1,
,,,,,,,河戸,河戸,西日本旅客鉄道株式会社,可部線,旧線,西日本旅客鉄道株式会社,可部線,旧線,1,1,,,,,2,
,,,,,,,今井田,今井田,西日本旅客鉄道株式会社,可部線,旧線,西日本旅客鉄道株式会社,可部線,旧線,1,1,,,,,3,
,,,,,,,安芸亀山,安芸亀山,西日本旅客鉄道株式会社,可部線,旧線,西日本旅客鉄道株式会社,可部線,旧線,1,1,,,,,4,
,,,,,,,毛木,毛木,西日本旅客鉄道株式会社,可部線,旧線,西日本旅客鉄道株式会社,可部線,旧線,1,1,,,,,5,
,,,,,,,安芸飯室,安芸飯室,西日本旅客鉄道株式会社,可部線,旧線,西日本旅客鉄道株式会社,可部線,旧線,1,1,,,,,6,
,,,,,,,布,布,西日本旅客鉄道株式会社,可部線,旧線,西日本旅客鉄道株式会社,可部線,旧線,1,1,,,,,7,
,,,,,,,小河内,小河内,西日本旅客鉄道株式会社,可部線,旧線,西日本旅客鉄道株式会社,可部線,旧線,1,1,,,,,8,
,,,,,,,安野,安野,西日本旅客鉄道株式会社,可部線,旧線,西日本旅客鉄道株式会社,可部線,旧線,1,1,,,,,9,
,,,,,,,水内,水内,西日本旅客鉄道株式会社,可部線,旧線,西日本旅客鉄道株式会社,可部線,旧線,1,1,,,,,10,
,,,,,,,坪野,坪野,西日本旅客鉄道株式会社,可部線,旧線,西日本旅客鉄道株式会社,可部線,旧線,1,1,,,,,11,
,,,,,,,田之尻,田之尻,西日本旅客鉄道株式会社,可部線,旧線,西日本旅客鉄道株式会社,可部線,旧線,1,1,,,,,12,
,,,,,,,津浪,津浪,西日本旅客鉄道株式会社,可部線,旧線,西日本旅客鉄道株式会社,可部線,旧線,1,1,,,,,13,
,,,,,,,香草,香草,西日本旅客鉄道株式会社,可部線,旧線,西日本旅客鉄道株式会社,可部線,旧線,1,1,,,,,14,
,,,,,,,加計,加計,西日本旅客鉄道株式会社,可部線,旧線,西日本旅客鉄道株式会社,可部線,旧線,1,1,,,,,15,
,,,,,,,木坂,木坂,西日本旅客鉄道株式会社,可部線,旧線,西日本旅客鉄道株式会社,可部線,旧線,1,1,,,,,16,
,,,,,,,殿賀,殿賀,西日本旅客鉄道株式会社,可部線,旧線,西日本旅客鉄道株式会社,可部線,旧線,1,1,,,,,17,
,,,,,,,上殿,上殿,西日本旅客鉄道株式会社,可部線,旧線,西日本旅客鉄道株式会社,可部線,旧線,1,1,,,,,18,
,,,,,,,筒賀,筒賀,西日本旅客鉄道株式会社,可部線,旧線,西日本旅客鉄道株式会社,可部線,旧線,1,1,,,,,19,
,,,,,,,土居,土居,西日本旅客鉄道株式会社,可部線,旧線,西日本旅客鉄道株式会社,可部線,旧線,1,1,,,,,20,
,,,,,,,戸河内,戸河内,西日本旅客鉄道株式会社,可部線,旧線,西日本旅客鉄道株式会社,可部線,旧線,1,1,,,,,21,
,,,,,,,三段峡,三段峡,西日本旅客鉄道株式会社,可部線,旧線,西日本旅客鉄道株式会社,可部線,旧線,1,1,,,,,22,
,,,,,,,河佐,河佐,西日本旅客鉄道株式会社,福塩線,旧線,西日本旅客鉄道株式会社,福塩線,旧線,1,1,,,,,23,
,,,,,,,八田原,八田原,西日本旅客鉄道株式会社,福塩線,旧線,西日本旅客鉄道株式会社,福塩線,旧線,1,1,,,,,24,
,,,,,,,備後三川,備後三川,西日本旅客鉄道株式会社,福塩線,旧線,西日本旅客鉄道株式会社,福塩線,旧線,1,1,,,,,25,
,,,,,,,南大嶺,南大嶺,西日本旅客鉄道株式会社,美祢線,旧線,西日本旅客鉄道株式会社,美祢線,旧線,1,1,,,,,26,
,,,,,,,大嶺,大嶺,西日本旅客鉄道株式会社,美祢線,旧線,西日本旅客鉄道株式会社,美祢線,旧線,1,1,,,,,27,
,,,,,,,大畠,大畠,日本国有鉄道,大島航路,,日本国有鉄道,大島航路,,1,1,,,,,1,
,,,,,,,小松港,小松港,日本国有鉄道,大島航路,,日本国有鉄道,大島航路,,1,1,,,,,2,
,,,,,,,宇野,宇野,四国旅客鉄道株式会社,宇高航路,,四国旅客鉄道株式会社,宇高航路,,1,1,,,,,1,
,,,,,,,高松,高松,四国旅客鉄道株式会社,宇高航路,,四国旅客鉄道株式会社,宇高航路,,1,1,,,,,2,
,,,,,,,板野,板野,日本国有鉄道,鍛冶屋原線,,日本国有鉄道,鍛冶屋原線,,1,1,,,,,1,
,,,,,,,犬伏,犬伏,日本国有鉄道,鍛冶屋原線,,日本国有鉄道,鍛冶屋原線,,1,1,,,,,2,
,,,,,,,羅漢,羅漢,日本国有鉄道,鍛冶屋原線,,日本国有鉄道,鍛冶屋原線,,1,1,,,,,3,
,,,,,,,神宅,神宅,日本国有鉄道,鍛冶屋原線,,日本国有鉄道,鍛冶屋原線,,1,1,,,,,4,
,,,,,,,鍛冶屋原,鍛冶屋原,日本国有鉄道,鍛冶屋原線,,日本国有鉄道,鍛冶屋原線,,1,1,,,,,5,
,,,,,,,中田,中田,日本国有鉄道,小松島線,,日本国有鉄道,小松島線,,1,1,,,,,1,
,,,,,,,小松島,小松島,日本国有鉄道,小松島線,,日本国有鉄道,小松島線,,1,1,,,,,2,
,,,,,,,小松島港,小松島港,日本国有鉄道,小松島線,,日本国有鉄道,小松島線,,1,1,,,,,3,
,,,,,,,五郎,五郎,日本国有鉄道,内子線,旧線,日本国有鉄道,内子線,旧線,1,1,,,,,1,
,,,,,,,新谷,新谷,日本国有鉄道,内子線,旧線,日本国有鉄道,内子線,旧線,1,1,,,,,2,
,,,,,,,仁方,仁方,日本国有鉄道,仁堀航路,,日本国有鉄道,仁堀航路,,1,1,,,,,1,
,,,,,,,堀江,堀江,日本国有鉄道,仁堀航路,,日本国有鉄道,仁堀航路,,1,1,,,,,2,
,,,,,,,吉塚,吉塚,日本国有鉄道,勝田線,,日本国有鉄道,勝田線,,1,1,,,,,1,
,,,,,,,御手洗,御手洗,日本国有鉄道,勝田線,,日本国有鉄道,勝田線,,1,1,,,,,2,
,,,,,,,上亀山,上亀山,日本国有鉄道,勝田線,,日本国有鉄道,勝田線,,1,1,,,,,3,
,,,,,,,志免,志免,日本国有鉄道,勝田線,,日本国有鉄道,勝田線,,1,1,,,,,4,
,,,,,,,下宇美,下宇美,日本国有鉄道,勝田線,,日本国有鉄道,勝田線,,1,1,,,,,5,
,,,,,,,宇美,宇美,日本国有鉄道,勝田線,,日本国有鉄道,勝田線,,1,1,,,,,6,
,,,,,,,筑前勝田,筑前勝田,日本国有鉄道,勝田線,,日本国有鉄道,勝田線,,1,1,,,,,7,
,,,,,,,遠賀川,遠賀川,日本国有鉄道,室木線,,日本国有鉄道,室木線,,1,1,,,,,1,
,,,,,,,古月,古月,日本国有鉄道,室木線,,日本国有鉄道,室木線,,1,1,,,,,2,
,,,,,,,鞍手,鞍手,日本国有鉄道,室木線,,日本国有鉄道,室木線,,1,1,,,,,3,
,,,,,,,八尋,八尋,日本国有鉄道,室木線,,日本国有鉄道,室木線,,1,1,,,,,4,
,,,,,,,室木,室木,日本国有鉄道,室木線,,日本国有鉄道,室木線,,1,1,,,,,5,
,,,,,,,中間,中間,日本国有鉄道,香月線,,日本国有鉄道,香月線,,1,1,,,,,1,
,,,,,,,新手,新手,日本国有鉄道,香月線,,日本国有鉄道,香月線,,1,1,,,,,2,
,,,,,,,岩崎,岩崎,日本国有鉄道,香月線,,日本国有鉄道,香月線,,1,1,,,,,3,
,,,,,,,香月,香月,日本国有鉄道,香月線,,日本国有鉄道,香月線,,1,1,,,,,4,
,,,,,,,勝野,勝野,九州旅客鉄道株式会社,宮田線,,九州旅客鉄道株式会社,宮田線,,1,1,,,,,1,
,,,,,,,磯光,磯光,九州旅客鉄道株式会社,宮田線,,九州旅客鉄道株式会社,宮田線,,1,1,,,,,2,
,,,,,,,筑前宮田,筑前宮田,九州旅客鉄道株式会社,宮田線,,九州旅客鉄道株式会社,宮田線,,1,1,,,,,3,
,,,,,,,羽犬塚,羽犬塚,日本国有鉄道,矢部線,,日本国有鉄道,矢部線,,1,1,,,,,1,
,,,,,,,花宗,花宗,日本国有鉄道,矢部線,,日本国有鉄道,矢部線,,1,1,,,,,2,
,,,,,,,鵜池,鵜池,日本国有鉄道,矢部線,,日本国有鉄道,矢部線,,1,1,,,,,3,
,,,,,,,蒲原,蒲原,日本国有鉄道,矢部線,,日本国有鉄道,矢部線,,1,1,,,,,4,
,,,,,,,筑後福島,筑後福島,日本国有鉄道,矢部線,,日本国有鉄道,矢部線,,1,1,,,,,5,
,,,,,,,今古賀,今古賀,日本国有鉄道,矢部線,,日本国有鉄道,矢部線,,1,1,,,,,6,
,,,,,,,上妻,上妻,日本国有鉄道,矢部線,,日本国有鉄道,矢部線,,1,1,,,,,7,
,,,,,,,山内,山内,日本国有鉄道,矢部線,,日本国有鉄道,矢部線,,1,1,,,,,8,
,,,,,,,北川内,北川内,日本国有鉄道,矢部線,,日本国有鉄道,矢部線,,1,1,,,,,9,
,,,,,,,黒木,黒木,日本国有鉄道,矢部線,,日本国有鉄道,矢部線,,1,1,,,,,10,
,,,,,,,小竹,小竹,日本国有鉄道,幸袋線,,日本国有鉄道,幸袋線,,1,1,,,,,1,
,,,,,,,目尾,目尾,日本国有鉄道,幸袋線,,日本国有鉄道,幸袋線,,1,1,,,,,2,
,,,,,,,幸袋,幸袋,日本国有鉄道,幸袋線,,日本国有鉄道,幸袋線,,1,1,,,,,3,
,,,,,,,新二瀬,新二瀬,日本国有鉄道,幸袋線,,日本国有鉄道,幸袋線,,1,1,,,,,4,
,,,,,,,二瀬,二瀬,日本国有鉄道,幸袋線,,日本国有鉄道,幸袋線,,1,1,,,,,5,
,,,,,,,下鴨生,下鴨生,日本国有鉄道,漆生線,,日本国有鉄道,漆生線,,1,1,,,,,1,
,,,,,,,鴨生,鴨生,日本国有鉄道,漆生線,,日本国有鉄道,漆生線,,1,1,,,,,2,
,,,,,,,漆生,漆生,日本国有鉄道,漆生線,,日本国有鉄道,漆生線,,1,1,,,,,3,
,,,,,,,才田,才田,日本国有鉄道,漆生線,,日本国有鉄道,漆生線,,1,1,,,,,4,
,,,,,,,下山田,下山田,日本国有鉄道,漆生線,,日本国有鉄道,漆生線,,1,1,,,,,5,
,,,,,,,飯塚,飯塚,九州旅客鉄道株式会社,上山田線,,九州旅客鉄道株式会社,上山田線,,1,1,,,,,1,
,,,,,,,平恒,平恒,九州旅客鉄道株式会社,上山田線,,九州旅客鉄道株式会社,上山田線,,1,1,,,,,2,
,,,,,,,臼井,臼井,九州旅客鉄道株式会社,上山田線,,九州旅客鉄道株式会社,上山田線,,1,1,,,,,3,
,,,,,,,大隈,大隈,九州旅客鉄道株式会社,上山田線,,九州旅客鉄道株式会社,上山田線,,1,1,,,,,4,
,,,,,,,下山田,下山田,九州旅客鉄道株式会社,上山田線,,九州旅客鉄道株式会社,上山田線,,1,1,,,,,5,
,,,,,,,上山田,上山田,九州旅客鉄道株式会社,上山田線,,九州旅客鉄道株式会社,上山田線,,1,1,,,,,6,
,,,,,,,熊ケ畑,熊ケ畑,九州旅客鉄道株式会社,上山田線,,九州旅客鉄道株式会社,上山田線,,1,1,,,,,7,
,,,,,,,真崎,真崎,九州旅客鉄道株式会社,上山田線,,九州旅客鉄道株式会社,上山田線,,1,1,,,,,8,
,,,,,,,東川崎,東川崎,九州旅客鉄道株式会社,上山田線,,九州旅客鉄道株式会社,上山田線,,1,1,,,,,9,
,,,,,,,豊前川崎,豊前川崎,九州旅客鉄道株式会社,上山田線,,九州旅客鉄道株式会社,上山田線,,1,1,,,,,10,
,,,,,,,香春,香春,日本国有鉄道,添田線,,日本国有鉄道,添田線,,1,1,,,,,1,
,,,,,,,上伊田,上伊田,日本国有鉄道,添田線,,日本国有鉄道,添田線,,1,1,,,,,2,
,,,,,,,今任,今任,日本国有鉄道,添田線,,日本国有鉄道,添田線,,1,1,,,,,3,
,,,,,,,大任,大任,日本国有鉄道,添田線,,日本国有鉄道,添田線,,1,1,,,,,4,
,,,,,,,伊原,伊原,日本国有鉄道,添田線,,日本国有鉄道,添田線,,1,1,,,,,5,
,,,,,,,添田,添田,日本国有鉄道,添田線,,日本国有鉄道,添田線,,1,1,,,,,6,
,,,,,,,恵良,恵良,日本国有鉄道,宮原線,,日本国有鉄道,宮原線,,1,1,,,,,1,
,,,,,,,町田,町田,日本国有鉄道,宮原線,,日本国有鉄道,宮原線,,1,1,,,,,2,
,,,,,,,宝泉寺,宝泉寺,日本国有鉄道,宮原線,,日本国有鉄道,宮原線,,1,1,,,,,3,
,,,,,,,麻生釣,麻生釣,日本国有鉄道,宮原線,,日本国有鉄道,宮原線,,1,1,,,,,4,
,,,,,,,北里,北里,日本国有鉄道,宮原線,,日本国有鉄道,宮原線,,1,1,,,,,5,
,,,,,,,肥後小国,肥後小国,日本国有鉄道,宮原線,,日本国有鉄道,宮原線,,1,1,,,,,6,
,,,,,,,博多,博多,日本国有鉄道,筑肥線,博多～姪浜,日本国有鉄道,筑肥線,博多～姪浜,1,1,,,,,1,
,,,,,,,筑前簑島,筑前簑島,日本国有鉄道,筑肥線,博多～姪浜,日本国有鉄道,筑肥線,博多～姪浜,1,1,,,,,2,
,,,,,,,筑前高宮,筑前高宮,日本国有鉄道,筑肥線,博多～姪浜,日本国有鉄道,筑肥線,博多～姪浜,1,1,,,,,3,
,,,,,,,小笹,小笹,日本国有鉄道,筑肥線,博多～姪浜,日本国有鉄道,筑肥線,博多～姪浜,1,1,,,,,4,
,,,,,,,鳥飼,鳥飼,日本国有鉄道,筑肥線,博多～姪浜,日本国有鉄道,筑肥線,博多～姪浜,1,1,,,,,5,
,,,,,,,西新,西新,日本国有鉄道,筑肥線,博多～姪浜,日本国有鉄道,筑肥線,博多～姪浜,1,1,,,,,6,
,,,,,,,姪浜,姪浜,日本国有鉄道,筑肥線,博多～姪浜,日本国有鉄道,筑肥線,博多～姪浜,1,1,,,,,7,
,,,,,,,虹ノ松原,虹ノ松原,日本国有鉄道,筑肥線,虹ノ松原～山本,日本国有鉄道,筑肥線,虹ノ松原～山本,1,1,,,,,1,
,,,,,,,東唐津,東唐津,日本国有鉄道,筑肥線,虹ノ松原～山本,日本国有鉄道,筑肥線,虹ノ松原～山本,1,1,,,,,2,
,,,,,,,鏡,鏡,日本国有鉄道,筑肥線,虹ノ松原～山本,日本国有鉄道,筑肥線,虹ノ松原～山本,1,1,,,,,3,
,,,,,,,久里,久里,日本国有鉄道,筑肥線,虹ノ松原～山本,日本国有鉄道,筑肥線,虹ノ松原～山本,1,1,,,,,4,
,,,,,,,山本,山本,日本国有鉄道,筑肥線,虹ノ松原～山本,日本国有鉄道,筑肥線,虹ノ松原～山本,1,1,,,,,5,
,,,,,,,佐賀,佐賀,日本国有鉄道,佐賀線,,日本国有鉄道,佐賀線,,1,1,,,,,1,
,,,,,,,東佐賀,東佐賀,日本国有鉄道,佐賀線,,日本国有鉄道,佐賀線,,1,1,,,,,2,
,,,,,,,南佐賀,南佐賀,日本国有鉄道,佐賀線,,日本国有鉄道,佐賀線,,1,1,,,,,3,
,,,,,,,光法,光法,日本国有鉄道,佐賀線,,日本国有鉄道,佐賀線,,1,1,,,,,4,
,,,,,,,諸富,諸富,日本国有鉄道,佐賀線,,日本国有鉄道,佐賀線,,1,1,,,,,5,
,,,,,,,筑後若津,筑後若津,日本国有鉄道,佐賀線,,日本国有鉄道,佐賀線,,1,1,,,,,6,
,,,,,,,筑後大川,筑後大川,日本国有鉄道,佐賀線,,日本国有鉄道,佐賀線,,1,1,,,,,7,
,,,,,,,東大川,東大川,日本国有鉄道,佐賀線,,日本国有鉄道,佐賀線,,1,1,,,,,8,
,,,,,,,筑後柳河,筑後柳河,日本国有鉄道,佐賀線,,日本国有鉄道,佐賀線,,1,1,,,,,9,
,,,,,,,百町,百町,日本国有鉄道,佐賀線,,日本国有鉄道,佐賀線,,1,1,,,,,10,
,,,,,,,三橋,三橋,日本国有鉄道,佐賀線,,日本国有鉄道,佐賀線,,1,1,,,,,11,
,,,,,,,瀬高,瀬高,日本国有鉄道,佐賀線,,日本国有鉄道,佐賀線,,1,1,,,,,12,
,,,,,,,山本,山本,日本国有鉄道,唐津線,支線,日本国有鉄道,唐津線,支線,1,1,,,,,1,
,,,,,,,牟田部,牟田部,日本国有鉄道,唐津線,支線,日本国有鉄道,唐津線,支線,1,1,,,,,2,
,,,,,,,岸嶽,岸嶽,日本国有鉄道,唐津線,支線,日本国有鉄道,唐津線,支線,1,1,,,,,3,
,,,,,,,肥前吉井,肥前吉井,日本国有鉄道,世知原線,,日本国有鉄道,世知原線,,1,1,,,,,1,
,,,,,,,祝橋,祝橋,日本国有鉄道,世知原線,,日本国有鉄道,世知原線,,1,1,,,,,2,
,,,,,,,世知原,世知原,日本国有鉄道,世知原線,,日本国有鉄道,世知原線,,1,1,,,,,3,
,,,,,,,佐々,佐々,日本国有鉄道,臼ノ浦線,,日本国有鉄道,臼ノ浦線,,1,1,,,,,1,
,,,,,,,臼ノ浦,臼ノ浦,日本国有鉄道,臼ノ浦線,,日本国有鉄道,臼ノ浦線,,1,1,,,,,2,
,,,,,,,水俣,水俣,九州旅客鉄道株式会社,山野線,,九州旅客鉄道株式会社,山野線,,1,1,,,,,1,
,,,,,,,東水俣,東水俣,九州旅客鉄道株式会社,山野線,,九州旅客鉄道株式会社,山野線,,1,1,,,,,2,
,,,,,,,肥後深川,肥後深川,九州旅客鉄道株式会社,山野線,,九州旅客鉄道株式会社,山野線,,1,1,,,,,3,
,,,,,,,深渡瀬,深渡瀬,九州旅客鉄道株式会社,山野線,,九州旅客鉄道株式会社,山野線,,1,1,,,,,4,
,,,,,,,久木野,久木野,九州旅客鉄道株式会社,山野線,,九州旅客鉄道株式会社,山野線,,1,1,,,,,5,
,,,,,,,薩摩布計,薩摩布計,九州旅客鉄道株式会社,山野線,,九州旅客鉄道株式会社,山野線,,1,1,,,,,6,
,,,,,,,西山野,西山野,九州旅客鉄道株式会社,山野線,,九州旅客鉄道株式会社,山野線,,1,1,,,,,7,
,,,,,,,山野,山野,九州旅客鉄道株式会社,山野線,,九州旅客鉄道株式会社,山野線,,1,1,,,,,8,
,,,,,,,郡山八幡,郡山八幡,九州旅客鉄道株式会社,山野線,,九州旅客鉄道株式会社,山野線,,1,1,,,,,9,
,,,,,,,薩摩大口,薩摩大口,九州旅客鉄道株式会社,山野線,,九州旅客鉄道株式会社,山野線,,1,1,,,,,10,
,,,,,,,西菱刈,西菱刈,九州旅客鉄道株式会社,山野線,,九州旅客鉄道株式会社,山野線,,1,1,,,,,11,
,,,,,,,菱刈,菱刈,九州旅客鉄道株式会社,山野線,,九州旅客鉄道株式会社,山野線,,1,1,,,,,12,
,,,,,,,前目,前目,九州旅客鉄道株式会社,山野線,,九州旅客鉄道株式会社,山野線,,1,1,,,,,13,
,,,,,,,湯之尾,湯之尾,九州旅客鉄道株式会社,山野線,,九州旅客鉄道株式会社,山野線,,1,1,,,,,14,
,,,,,,,稲葉崎,稲葉崎,九州旅客鉄道株式会社,山野線,,九州旅客鉄道株式会社,山野線,,1,1,,,,,15,
,,,,,,,栗野,栗野,九州旅客鉄道株式会社,山野線,,九州旅客鉄道株式会社,山野線,,1,1,,,,,16,
,,,,,,,川内,川内,日本国有鉄道,宮之城線,,日本国有鉄道,宮之城線,,1,1,,,,,1,
,,,,,,,薩摩白浜,薩摩白浜,日本国有鉄道,宮之城線,,日本国有鉄道,宮之城線,,1,1,,,,,2,
,,,,,,,楠元,楠元,日本国有鉄道,宮之城線,,日本国有鉄道,宮之城線,,1,1,,,,,3,
,,,,,,,吉野山,吉野山,日本国有鉄道,宮之城線,,日本国有鉄道,宮之城線,,1,1,,,,,4,
,,,,,,,樋脇,樋脇,日本国有鉄道,宮之城線,,日本国有鉄道,宮之城線,,1,1,,,,,5,
,,,,,,,上樋脇,上樋脇,日本国有鉄道,宮之城線,,日本国有鉄道,宮之城線,,1,1,,,,,6,
,,,,,,,入来,入来,日本国有鉄道,宮之城線,,日本国有鉄道,宮之城線,,1,1,,,,,7,
,,,,,,,薩摩山崎,薩摩山崎,日本国有鉄道,宮之城線,,日本国有鉄道,宮之城線,,1,1,,,,,8,
,,,,,,,船木,船木,日本国有鉄道,宮之城線,,日本国有鉄道,宮之城線,,1,1,,,,,9,
,,,,,,,宮之城,宮之城,日本国有鉄道,宮之城線,,日本国有鉄道,宮之城線,,1,1,,,,,10,
,,,,,,,佐志,佐志,日本国有鉄道,宮之城線,,日本国有鉄道,宮之城線,,1,1,,,,,11,
,,,,,,,薩摩湯田,薩摩湯田,日本国有鉄道,宮之城線,,日本国有鉄道,宮之城線,,1,1,,,,,12,
,,,,,,,薩摩鶴田,薩摩鶴田,日本国有鉄道,宮之城線,,日本国有鉄道,宮之城線,,1,1,,,,,13,
,,,,,,,薩摩求名,薩摩求名,日本国有鉄道,宮之城線,,日本国有鉄道,宮之城線,,1,1,,,,,14,
,,,,,,,広橋,広橋,日本国有鉄道,宮之城線,,日本国有鉄道,宮之城線,,1,1,,,,,15,
,,,,,,,薩摩永野,薩摩永野,日本国有鉄道,宮之城線,,日本国有鉄道,宮之城線,,1,1,,,,,16,
,,,,,,,針持,針持,日本国有鉄道,宮之城線,,日本国有鉄道,宮之城線,,1,1,,,,,17,
,,,,,,,西太良,西太良,日本国有鉄道,宮之城線,,日本国有鉄道,宮之城線,,1,1,,,,,18,
,,,,,,,羽月,羽月,日本国有鉄道,宮之城線,,日本国有鉄道,宮之城線,,1,1,,,,,19,
,,,,,,,薩摩大口,薩摩大口,日本国有鉄道,宮之城線,,日本国有鉄道,宮之城線,,1,1,,,,,20,
,,,,,,,西都城,西都城,日本国有鉄道,志布志線,,日本国有鉄道,志布志線,,1,1,,,,,1,
,,,,,,,今町,今町,日本国有鉄道,志布志線,,日本国有鉄道,志布志線,,1,1,,,,,2,
,,,,,,,末吉,末吉,日本国有鉄道,志布志線,,日本国有鉄道,志布志線,,1,1,,,,,3,
,,,,,,,岩北,岩北,日本国有鉄道,志布志線,,日本国有鉄道,志布志線,,1,1,,,,,4,
,,,,,,,岩川,岩川,日本国有鉄道,志布志線,,日本国有鉄道,志布志線,,1,1,,,,,5,
,,,,,,,大隅松山,大隅松山,日本国有鉄道,志布志線,,日本国有鉄道,志布志線,,1,1,,,,,6,
,,,,,,,伊崎田,伊崎田,日本国有鉄道,志布志線,,日本国有鉄道,志布志線,,1,1,,,,,7,
,,,,,,,安楽,安楽,日本国有鉄道,志布志線,,日本国有鉄道,志布志線,,1,1,,,,,8,
,,,,,,,中安楽,中安楽,日本国有鉄道,志布志線,,日本国有鉄道,志布志線,,1,1,,,,,9,
,,,,,,,志布志,志布志,日本国有鉄道,志布志線,,日本国有鉄道,志布志線,,1,1,,,,,10,
,,,,,,,志布志,志布志,日本国有鉄道,大隅線,,日本国有鉄道,大隅線,,1,1,,,,,1,
,,,,,,,菱田,菱田,日本国有鉄道,大隅線,,日本国有鉄道,大隅線,,1,1,,,,,2,
,,,,,,,大隅大崎,大隅大崎,日本国有鉄道,大隅線,,日本国有鉄道,大隅線,,1,1,,,,,3,
,,,,,,,三文字,三文字,日本国有鉄道,大隅線,,日本国有鉄道,大隅線,,1,1,,,,,4,
,,,,,,,東串良,東串良,日本国有鉄道,大隅線,,日本国有鉄道,大隅線,,1,1,,,,,5,
,,,,,,,串良,串良,日本国有鉄道,大隅線,,日本国有鉄道,大隅線,,1,1,,,,,6,
,,,,,,,下小原,下小原,日本国有鉄道,大隅線,,日本国有鉄道,大隅線,,1,1,,,,,7,
,,,,,,,大隅高山,大隅高山,日本国有鉄道,大隅線,,日本国有鉄道,大隅線,,1,1,,,,,8,
,,,,,,,論地,論地,日本国有鉄道,大隅線,,日本国有鉄道,大隅線,,1,1,,,,,9,
,,,,,,,吾平,吾平,日本国有鉄道,大隅線,,日本国有鉄道,大隅線,,1,1,,,,,10,
,,,,,,,永野田,永野田,日本国有鉄道,大隅線,,日本国有鉄道,大隅線,,1,1,,,,,11,
,,,,,,,大隅川西,大隅川西,日本国有鉄道,大隅線,,日本国有鉄道,大隅線,,1,1,,,,,12,
,,,,,,,鹿屋,鹿屋,日本国有鉄道,大隅線,,日本国有鉄道,大隅線,,1,1,,,,,13,
,,,,,,,大隅野里,大隅野里,日本国有鉄道,大隅線,,日本国有鉄道,大隅線,,1,1,,,,,14,
,,,,,,,大隅高須,大隅高須,日本国有鉄道,大隅線,,日本国有鉄道,大隅線,,1,1,,,,,15,
,,,,,,,荒平,荒平,日本国有鉄道,大隅線,,日本国有鉄道,大隅線,,1,1,,,,,16,
,,,,,,,古江,古江,日本国有鉄道,大隅線,,日本国有鉄道,大隅線,,1,1,,,,,17,
,,,,,,,新城,新城,日本国有鉄道,大隅線,,日本国有鉄道,大隅線,,1,1,,,,,18,
,,,,,,,諏訪,諏訪,日本国有鉄道,大隅線,,日本国有鉄道,大隅線,,1,1,,,,,19,
,,,,,,,柊原,柊原,日本国有鉄道,大隅線,,日本国有鉄道,大隅線,,1,1,,,,,20,
,,,,,,,浜平,浜平,日本国有鉄道,大隅線,,日本国有鉄道,大隅線,,1,1,,,,,21,
,,,,,,,垂水,垂水,日本国有鉄道,大隅線,,日本国有鉄道,大隅線,,1,1,,,,,22,
,,,,,,,海潟温泉,海潟温泉,日本国有鉄道,大隅線,,日本国有鉄道,大隅線,,1,1,,,,,23,
,,,,,,,大隅麓,大隅麓,日本国有鉄道,大隅線,,日本国有鉄道,大隅線,,1,1,,,,,24,
,,,,,,,大隅辺田,大隅辺田,日本国有鉄道,大隅線,,日本国有鉄道,大隅線,,1,1,,,,,25,
,,,,,,,大隅二川,大隅二川,日本国有鉄道,大隅線,,日本国有鉄道,大隅線,,1,1,,,,,26,
,,,,,,,大隅境,大隅境,日本国有鉄道,大隅線,,日本国有鉄道,大隅線,,1,1,,,,,27,
,,,,,,,大廻,大廻,日本国有鉄道,大隅線,,日本国有鉄道,大隅線,,1,1,,,,,28,
,,,,,,,大隅福山,大隅福山,日本国有鉄道,大隅線,,日本国有鉄道,大隅線,,1,1,,,,,29,
,,,,,,,敷根,敷根,日本国有鉄道,大隅線,,日本国有鉄道,大隅線,,1,1,,,,,30,
,,,,,,,銅田,銅田,日本国有鉄道,大隅線,,日本国有鉄道,大隅線,,1,1,,,,,31,
,,,,,,,金剛寺,金剛寺,日本国有鉄道,大隅線,,日本国有鉄道,大隅線,,1,1,,,,,32,
,,,,,,,国分,国分,日本国有鉄道,大隅線,,日本国有鉄道,大隅線,,1,1,,,,,33,
,,,,,,,日向市,日向市,日本国有鉄道,細島線,,日本国有鉄道,細島線,,1,1,,,,,1,
,,,,,,,伊勢ケ浜,伊勢ケ浜,日本国有鉄道,細島線,,日本国有鉄道,細島線,,1,1,,,,,2,
,,,,,,,細島,細島,日本国有鉄道,細島線,,日本国有鉄道,細島線,,1,1,,,,,3,
,,,,,,,佐土原,佐土原,日本国有鉄道,妻線,,日本国有鉄道,妻線,,1,1,,,,,1,
,,,,,,,西佐土原,西佐土原,日本国有鉄道,妻線,,日本国有鉄道,妻線,,1,1,,,,,2,
,,,,,,,黒生野,黒生野,日本国有鉄道,妻線,,日本国有鉄道,妻線,,1,1,,,,,3,
,,,,,,,妻,妻,日本国有鉄道,妻線,,日本国有鉄道,妻線,,1,1,,,,,4,
,,,,,,,穂北,穂北,日本国有鉄道,妻線,,日本国有鉄道,妻線,,1,1,,,,,5,
,,,,,,,杉安,杉安,日本国有鉄道,妻線,,日本国有鉄道,妻線,,1,1,,,,,6,
,,,,,,,池田,池田,北海道ちほく高原鉄道株式会社,ふるさと銀河線,,北海道ちほく高原鉄道株式会社,ふるさと銀河線,,1,1,,,,,1,
,,,,,,,様舞,様舞,北海道ちほく高原鉄道株式会社,ふるさと銀河線,,北海道ちほく高原鉄道株式会社,ふるさと銀河線,,1,1,,,,,2,
,,,,,,,高島,高島,北海道ちほく高原鉄道株式会社,ふるさと銀河線,,北海道ちほく高原鉄道株式会社,ふるさと銀河線,,1,1,,,,,3,
,,,,,,,大森,大森,北海道ちほく高原鉄道株式会社,ふるさと銀河線,,北海道ちほく高原鉄道株式会社,ふるさと銀河線,,1,1,,,,,4,
,,,,,,,勇足,勇足,北海道ちほく高原鉄道株式会社,ふるさと銀河線,,北海道ちほく高原鉄道株式会社,ふるさと銀河線,,1,1,,,,,5,
,,,,,,,南本別,南本別,北海道ちほく高原鉄道株式会社,ふるさと銀河線,,北海道ちほく高原鉄道株式会社,ふるさと銀河線,,1,1,,,,,6,
,,,,,,,本別,本別,北海道ちほく高原鉄道株式会社,ふるさと銀河線,,北海道ちほく高原鉄道株式会社,ふるさと銀河線,,1,1,,,,,7,
,,,,,,,仙美里,仙美里,北海道ちほく高原鉄道株式会社,ふるさと銀河線,,北海道ちほく高原鉄道株式会社,ふるさと銀河線,,1,1,,,,,8,
,,,,,,,足寄,足寄,北海道ちほく高原鉄道株式会社,ふるさと銀河線,,北海道ちほく高原鉄道株式会社,ふるさと銀河線,,1,1,,,,,9,
,,,,,,,愛冠,愛冠,北海道ちほく高原鉄道株式会社,ふるさと銀河線,,北海道ちほく高原鉄道株式会社,ふるさと銀河線,,1,1,,,,,10,
,,,,,,,西一線,西一線,北海道ちほく高原鉄道株式会社,ふるさと銀河線,,北海道ちほく高原鉄道株式会社,ふるさと銀河線,,1,1,,,,,11,
,,,,,,,塩幌,塩幌,北海道ちほく高原鉄道株式会社,ふるさと銀河線,,北海道ちほく高原鉄道株式会社,ふるさと銀河線,,1,1,,,,,12,
,,,,,,,上利別,上利別,北海道ちほく高原鉄道株式会社,ふるさと銀河線,,北海道ちほく高原鉄道株式会社,ふるさと銀河線,,1,1,,,,,13,
,,,,,,,笹森,笹森,北海道ちほく高原鉄道株式会社,ふるさと銀河線,,北海道ちほく高原鉄道株式会社,ふるさと銀河線,,1,1,,,,,14,
,,,,,,,大誉地,大誉地,北海道ちほく高原鉄道株式会社,ふるさと銀河線,,北海道ちほく高原鉄道株式会社,ふるさと銀河線,,1,1,,,,,15,
,,,,,,,薫別,薫別,北海道ちほく高原鉄道株式会社,ふるさと銀河線,,北海道ちほく高原鉄道株式会社,ふるさと銀河線,,1,1,,,,,16,
,,,,,,,陸別,陸別,北海道ちほく高原鉄道株式会社,ふるさと銀河線,,北海道ちほく高原鉄道株式会社,ふるさと銀河線,,1,1,,,,,17,
,,,,,,,分線,分線,北海道ちほく高原鉄道株式会社,ふるさと銀河線,,北海道ちほく高原鉄道株式会社,ふるさと銀河線,,1,1,,,,,18,
,,,,,,,川上,川上,北海道ちほく高原鉄道株式会社,ふるさと銀河線,,北海道ちほく高原鉄道株式会社,ふるさと銀河線,,1,1,,,,,19,
,,,,,,,小利別,小利別,北海道ちほく高原鉄道株式会社,ふるさと銀河線,,北海道ちほく高原鉄道株式会社,ふるさと銀河線,,1,1,,,,,20,
,,,,,,,置戸,置戸,北海道ちほく高原鉄道株式会社,ふるさと銀河線,,北海道ちほく高原鉄道株式会社,ふるさと銀河線,,1,1,,,,,21,
,,,,,,,豊住,豊住,北海道ちほく高原鉄道株式会社,ふるさと銀河線,,北海道ちほく高原鉄道株式会社,ふるさと銀河線,,1,1,,,,,22,
,,,,,,,境野,境野,北海道ちほく高原鉄道株式会社,ふるさと銀河線,,北海道ちほく高原鉄道株式会社,ふるさと銀河線,,1,1,,,,,23,
,,,,,,,西訓子府,西訓子府,北海道ちほく高原鉄道株式会社,ふるさと銀河線,,北海道ちほく高原鉄道株式会社,ふるさと銀河線,,1,1,,,,,24,
,,,,,,,西富,西富,北海道ちほく高原鉄道株式会社,ふるさと銀河線,,北海道ちほく高原鉄道株式会社,ふるさと銀河線,,1,1,,,,,25,
,,,,,,,訓子府,訓子府,北海道ちほく高原鉄道株式会社,ふるさと銀河線,,北海道ちほく高原鉄道株式会社,ふるさと銀河線,,1,1,,,,,26,
,,,,,,,穂波,穂波,北海道ちほく高原鉄道株式会社,ふるさと銀河線,,北海道ちほく高原鉄道株式会社,ふるさと銀河線,,1,1,,,,,27,
,,,,,,,日ノ出,日ノ出,北海道ちほく高原鉄道株式会社,ふるさと銀河線,,北海道ちほく高原鉄道株式会社,ふるさと銀河線,,1,1,,,,,28,
,,,,,,,広郷,広郷,北海道ちほく高原鉄道株式会社,ふるさと銀河線,,北海道ちほく高原鉄道株式会社,ふるさと銀河線,,1,1,,,,,29,
,,,,,,,上常呂,上常呂,北海道ちほく高原鉄道株式会社,ふるさと銀河線,,北海道ちほく高原鉄道株式会社,ふるさと銀河線,,1,1,,,,,30,
,,,,,,,北光社,北光社,北海道ちほく高原鉄道株式会社,ふるさと銀河線,,北海道ちほく高原鉄道株式会社,ふるさと銀河線,,1,1,,,,,31,
,,,,,,,北見,北見,北海道ちほく高原鉄道株式会社,ふるさと銀河線,,北海道ちほく高原鉄道株式会社,ふるさと銀河線,,1,1,,,,,32,
,,,,,,,川部,川部,弘南鉄道株式会社,黒石線,,弘南鉄道株式会社,黒石線,,1,1,,,,,1,
,,,,,,,前田屋敷,前田屋敷,弘南鉄道株式会社,黒石線,,弘南鉄道株式会社,黒石線,,1,1,,,,,2,
,,,,,,,黒石,黒石,弘南鉄道株式会社,黒石線,,弘南鉄道株式会社,黒石線,,1,1,,,,,3,
,,,,,,,下北,下北,下北交通株式会社,大畑線,,下北交通株式会社,大畑線,,1,1,,,,,1,
,,,,,,,海老川,海老川,下北交通株式会社,大畑線,,下北交通株式会社,大畑線,,1,1,,,,,2,
,,,,,,,田名部,田名部,下北交通株式会社,大畑線,,下北交通株式会社,大畑線,,1,1,,,,,3,
,,,,,,,樺山,樺山,下北交通株式会社,大畑線,,下北交通株式会社,大畑線,,1,1,,,,,4,
,,,,,,,陸奥関根,陸奥関根,下北交通株式会社,大畑線,,下北交通株式会社,大畑線,,1,1,,,,,5,
,,,,,,,川代,川代,下北交通株式会社,大畑線,,下北交通株式会社,大畑線,,1,1,,,,,6,
,,,,,,,正津川,正津川,下北交通株式会社,大畑線,,下北交通株式会社,大畑線,,1,1,,,,,7,
,,,,,,,大畑,大畑,下北交通株式会社,大畑線,,下北交通株式会社,大畑線,,1,1,,,,,8,
,,,,,,,猪谷,猪谷,神岡鉄道株式会社,神岡線,,神岡鉄道株式会社,神岡線,,1,1,,,,,1,
,,,,,,,飛騨中山,飛騨中山,神岡鉄道株式会社,神岡線,,神岡鉄道株式会社,神岡線,,1,1,,,,,2,
,,,,,,,茂住,茂住,神岡鉄道株式会社,神岡線,,神岡鉄道株式会社,神岡線,,1,1,,,,,3,
,,,,,,,漆山,漆山,神岡鉄道株式会社,神岡線,,神岡鉄道株式会社,神岡線,,1,1,,,,,4,
,,,,,,,神岡鉱山前,神岡鉱山前,神岡鉄道株式会社,神岡線,,神岡鉄道株式会社,神岡線,,1,1,,,,,5,
,,,,,,,飛騨神岡,飛騨神岡,神岡鉄道株式会社,神岡線,,神岡鉄道株式会社,神岡線,,1,1,,,,,6,
,,,,,,,神岡大橋,神岡大橋,神岡鉄道株式会社,神岡線,,神岡鉄道株式会社,神岡線,,1,1,,,,,7,
,,,,,,,奥飛騨温泉口,奥飛騨温泉口,神岡鉄道株式会社,神岡線,,神岡鉄道株式会社,神岡線,,1,1,,,,,8,
,,,,,,,能登三井,能登三井,のと鉄道株式会社,七尾線,,のと鉄道株式会社,七尾線,,1,1,,,,,9,
,,,,,,,能登市ノ瀬,能登市ノ瀬,のと鉄道株式会社,七尾線,,のと鉄道株式会社,七尾線,,1,1,,,,,10,
,,,,,,,輪島,輪島,のと鉄道株式会社,七尾線,,のと鉄道株式会社,七尾線,,1,1,,,,,11,
,,,,,,,穴水,穴水,のと鉄道株式会社,能登線,,のと鉄道株式会社,能登線,,1,1,,,,,1,
,,,,,,,中居,中居,のと鉄道株式会社,能登線,,のと鉄道株式会社,能登線,,1,1,,,,,2,
,,,,,,,比良,比良,のと鉄道株式会社,能登線,,のと鉄道株式会社,能登線,,1,1,,,,,3,
,,,,,,,鹿波,鹿波,のと鉄道株式会社,能登線,,のと鉄道株式会社,能登線,,1,1,,,,,4,
,,,,,,,甲,甲,のと鉄道株式会社,能登線,,のと鉄道株式会社,能登線,,1,1,,,,,5,
,,,,,,,沖波,沖波,のと鉄道株式会社,能登線,,のと鉄道株式会社,能登線,,1,1,,,,,6,
,,,,,,,前波,前波,のと鉄道株式会社,能登線,,のと鉄道株式会社,能登線,,1,1,,,,,7,
,,,,,,,古君,古君,のと鉄道株式会社,能登線,,のと鉄道株式会社,能登線,,1,1,,,,,8,
,,,,,,,鵜川,鵜川,のと鉄道株式会社,能登線,,のと鉄道株式会社,能登線,,1,1,,,,,9,
,,,,,,,七見,七見,のと鉄道株式会社,能登線,,のと鉄道株式会社,能登線,,1,1,,,,,10,
,,,,,,,矢波,矢波,のと鉄道株式会社,能登線,,のと鉄道株式会社,能登線,,1,1,,,,,11,
,,,,,,,波並,波並,のと鉄道株式会社,能登線,,のと鉄道株式会社,能登線,,1,1,,,,,12,
,,,,,,,藤波,藤波,のと鉄道株式会社,能登線,,のと鉄道株式会社,能登線,,1,1,,,,,13,
,,,,,,,宇出津,宇出津,のと鉄道株式会社,能登線,,のと鉄道株式会社,能登線,,1,1,,,,,14,
,,,,,,,羽根,羽根,のと鉄道株式会社,能登線,,のと鉄道株式会社,能登線,,1,1,,,,,15,
,,,,,,,小浦,小浦,のと鉄道株式会社,能登線,,のと鉄道株式会社,能登線,,1,1,,,,,16,
,,,,,,,縄文真脇,縄文真脇,のと鉄道株式会社,能登線,,のと鉄道株式会社,能登線,,1,1,,,,,17,
,,,,,,,九十九湾小木,九十九湾小木,のと鉄道株式会社,能登線,,のと鉄道株式会社,能登線,,1,1,,,,,18,
,,,,,,,白丸,白丸,のと鉄道株式会社,能登線,,のと鉄道株式会社,能登線,,1,1,,,,,19,
,,,,,,,九里川尻,九里川尻,のと鉄道株式会社,能登線,,のと鉄道株式会社,能登線,,1,1,,,,,20,
,,,,,,,松波,松波,のと鉄道株式会社,能登線,,のと鉄道株式会社,能登線,,1,1,,,,,21,
,,,,,,,恋路,恋路,のと鉄道株式会社,能登線,,のと鉄道株式会社,能登線,,1,1,,,,,22,
,,,,,,,鵜島,鵜島,のと鉄道株式会社,能登線,,のと鉄道株式会社,能登線,,1,1,,,,,23,
,,,,,,,南黒丸,南黒丸,のと鉄道株式会社,能登線,,のと鉄道株式会社,能登線,,1,1,,,,,24,
,,,,,,,鵜飼,鵜飼,のと鉄道株式会社,能登線,,のと鉄道株式会社,能登線,,1,1,,,,,25,
,,,,,,,上戸,上戸,のと鉄道株式会社,能登線,,のと鉄道株式会社,能登線,,1,1,,,,,26,
,,,,,,,飯田,飯田,のと鉄道株式会社,能登線,,のと鉄道株式会社,能登線,,1,1,,,,,27,
,,,,,,,珠洲,珠洲,のと鉄道株式会社,能登線,,のと鉄道株式会社,能登線,,1,1,,,,,28,
,,,,,,,正院,正院,のと鉄道株式会社,能登線,,のと鉄道株式会社,能登線,,1,1,,,,,29,
,,,,,,,蛸島,蛸島,のと鉄道株式会社,能登線,,のと鉄道株式会社,能登線,,1,1,,,,,30,
,,,,,,,厄神,厄神,三木鉄道株式会社,三木線,,三木鉄道株式会社,三木線,,1,1,,,,,1,
,,,,,,,国包,国包,三木鉄道株式会社,三木線,,三木鉄道株式会社,三木線,,1,1,,,,,2,
,,,,,,,宗佐,宗佐,三木鉄道株式会社,三木線,,三木鉄道株式会社,三木線,,1,1,,,,,3,
,,,,,,,下石野,下石野,三木鉄道株式会社,三木線,,三木鉄道株式会社,三木線,,1,1,,,,,4,
,,,,,,,石野,石野,三木鉄道株式会社,三木線,,三木鉄道株式会社,三木線,,1,1,,,,,5,
,,,,,,,西這田,西這田,三木鉄道株式会社,三木線,,三木鉄道株式会社,三木線,,1,1,,,,,6,
,,,,,,,別所,別所,三木鉄道株式会社,三木線,,三木鉄道株式会社,三木線,,1,1,,,,,7,
,,,,,,,高木,高木,三木鉄道株式会社,三木線,,三木鉄道株式会社,三木線,,1,1,,,,,8,
,,,,,,,三木,三木,三木鉄道株式会社,三木線,,三木鉄道株式会社,三木線,,1,1,,,,,9,
,,,,,,,延岡,延岡,高千穂鉄道株式会社,高千穂線,,高千穂鉄道株式会社,高千穂線,,1,1,,,,,1,
,,,,,,,西延岡,西延岡,高千穂鉄道株式会社,高千穂線,,高千穂鉄道株式会社,高千穂線,,1,1,,,,,2,
,,,,,,,行縢,行縢,高千穂鉄道株式会社,高千穂線,,高千穂鉄道株式会社,高千穂線,,1,1,,,,,3,
,,,,,,,細見,細見,高千穂鉄道株式会社,高千穂線,,高千穂鉄道株式会社,高千穂線,,1,1,,,,,4,
,,,,,,,日向岡元,日向岡元,高千穂鉄道株式会社,高千穂線,,高千穂鉄道株式会社,高千穂線,,1,1,,,,,5,
,,,,,,,吐合,吐合,高千穂鉄道株式会社,高千穂線,,高千穂鉄道株式会社,高千穂線,,1,1,,,,,6,
,,,,,,,曽木,曽木,高千穂鉄道株式会社,高千穂線,,高千穂鉄道株式会社,高千穂線,,1,1,,,,,7,
,,,,,,,川水流,川水流,高千穂鉄道株式会社,高千穂線,,高千穂鉄道株式会社,高千穂線,,1,1,,,,,8,
,,,,,,,上崎,上崎,高千穂鉄道株式会社,高千穂線,,高千穂鉄道株式会社,高千穂線,,1,1,,,,,9,
,,,,,,,早日渡,早日渡,高千穂鉄道株式会社,高千穂線,,高千穂鉄道株式会社,高千穂線,,1,1,,,,,10,
,,,,,,,亀ヶ崎,亀ヶ崎,高千穂鉄道株式会社,高千穂線,,高千穂鉄道株式会社,高千穂線,,1,1,,,,,11,
,,,,,,,槇峰,槇峰,高千穂鉄道株式会社,高千穂線,,高千穂鉄道株式会社,高千穂線,,1,1,,,,,12,
,,,,,,,日向八戸,日向八戸,高千穂鉄道株式会社,高千穂線,,高千穂鉄道株式会社,高千穂線,,1,1,,,,,13,
,,,,,,,吾味,吾味,高千穂鉄道株式会社,高千穂線,,高千穂鉄道株式会社,高千穂線,,1,1,,,,,14,
,,,,,,,日之影温泉,日之影温泉,高千穂鉄道株式会社,高千穂線,,高千穂鉄道株式会社,高千穂線,,1,1,,,,,15,
,,,,,,,影待,影待,高千穂鉄道株式会社,高千穂線,,高千穂鉄道株式会社,高千穂線,,1,1,,,,,16,
,,,,,,,深角,深角,高千穂鉄道株式会社,高千穂線,,高千穂鉄道株式会社,高千穂線,,1,1,,,,,17,
,,,,,,,天岩戸,天岩戸,高千穂鉄道株式会社,高千穂線,,高千穂鉄道株式会社,高千穂線,,1,1,,,,,18,
,,,,,,,高千穂,高千穂,高千穂鉄道株式会社,高千穂線,,高千穂鉄道株式会社,高千穂線,,1,1,,,,,19,
