乗換駅,乗換駅の路線事業者,乗換駅の路線,グループ駅路線区別名,駅名,路線事業者(id),路線名(id),路線区別名(id),路線ごとの並び順,駅名読み,都道府県名,開業日,廃止日,経度,緯度,状態(旧)
青森,東日本旅客鉄道株式会社,奥羽本線,,青森,北海道旅客鉄道株式会社,青函航路,,1,あおもり,北海道,,,,,2
函館,北海道旅客鉄道株式会社,函館本線,,函館,北海道旅客鉄道株式会社,青函航路,,2,はこだて,北海道,,,,,2
木古内,北海道旅客鉄道株式会社,海峡線,,木古内,北海道旅客鉄道株式会社,江差線,,1,きこない,北海道,,,,,2
,,,,渡島鶴岡,北海道旅客鉄道株式会社,江差線,,2,おしまつるおか,北海道,,,,,2
,,,,吉堀,北海道旅客鉄道株式会社,江差線,,3,よしぼり,北海道,,,,,2
,,,,神明,北海道旅客鉄道株式会社,江差線,,4,しんめい,北海道,,,,,2
,,,,湯ノ岱,北海道旅客鉄道株式会社,江差線,,5,ゆのたい,北海道,,,,,2
,,,,宮越,北海道旅客鉄道株式会社,江差線,,6,みやこし,北海道,,,,,2
,,,,桂岡,北海道旅客鉄道株式会社,江差線,,7,かつらおか,北海道,,,,,2
,,,,中須田,北海道旅客鉄道株式会社,江差線,,8,なかすだ,北海道,,,,,2
,,,,上ノ国,北海道旅客鉄道株式会社,江差線,,9,かみのくに,北海道,,,,,2
,,,,江差,北海道旅客鉄道株式会社,江差線,,10,えさし,北海道,,,,,2
木古内,北海道旅客鉄道株式会社,海峡線,,木古内,北海道旅客鉄道株式会社,松前線,,1,きこない,北海道,,,,,2
,,,,森越,北海道旅客鉄道株式会社,松前線,,2,もりこし,北海道,,,,,2
,,,,渡島知内,北海道旅客鉄道株式会社,松前線,,3,おしましりうち,北海道,,,,,2
,,,,重内,北海道旅客鉄道株式会社,松前線,,4,おもない,北海道,,,,,2
,,,,湯ノ里,北海道旅客鉄道株式会社,松前線,,5,ゆのさと,北海道,,,,,2
,,,,千軒,北海道旅客鉄道株式会社,松前線,,6,せんげん,北海道,,,,,2
,,,,渡島福島,北海道旅客鉄道株式会社,松前線,,7,おしまふくしま,北海道,,,,,2
,,,,白符,北海道旅客鉄道株式会社,松前線,,8,しらふ,北海道,,,,,2
,,,,渡島吉岡,北海道旅客鉄道株式会社,松前線,,9,おしまよしおか,北海道,,,,,2
,,,,渡島大沢,北海道旅客鉄道株式会社,松前線,,10,おしまおおさわ,北海道,,,,,2
,,,,及部,北海道旅客鉄道株式会社,松前線,,11,およべ,北海道,,,,,2
,,,,松前,北海道旅客鉄道株式会社,松前線,,12,まつまえ,北海道,,,,,2
国縫,北海道旅客鉄道株式会社,函館本線,,国縫,日本国有鉄道,瀬棚線,,1,くんぬい,北海道,,,,,2
,,,,茶屋川,日本国有鉄道,瀬棚線,,2,ちゃやがわ,北海道,,,,,2
,,,,美利河,日本国有鉄道,瀬棚線,,3,びりか,北海道,,,,,2
,,,,花石,日本国有鉄道,瀬棚線,,4,はないし,北海道,,,,,2
,,,,北住吉,日本国有鉄道,瀬棚線,,5,きたすみよし,北海道,,,,,2
,,,,種川,日本国有鉄道,瀬棚線,,6,たねかわ,北海道,,,,,2
,,,,今金,日本国有鉄道,瀬棚線,,7,いまがね,北海道,,,,,2
,,,,神丘,日本国有鉄道,瀬棚線,,8,かみおか,北海道,,,,,2
,,,,丹羽,日本国有鉄道,瀬棚線,,9,にわ,北海道,,,,,2
,,,,北檜山,日本国有鉄道,瀬棚線,,10,きたひやま,北海道,,,,,2
,,,,瀬棚,日本国有鉄道,瀬棚線,,11,せたな,北海道,,,,,2
小沢,北海道旅客鉄道株式会社,函館本線,,小沢,日本国有鉄道,岩内線,,1,こざわ,北海道,,,,,2
,,,,国富,日本国有鉄道,岩内線,,2,くにとみ,北海道,,,,,2
,,,,幌似,日本国有鉄道,岩内線,,3,ほろに,北海道,,,,,2
,,,,前田,日本国有鉄道,岩内線,,4,まえだ,北海道,,,,,2
,,,,西前田,日本国有鉄道,岩内線,,5,にしまえだ,北海道,,,,,2
,,,,岩内,日本国有鉄道,岩内線,,6,いわない,北海道,,,,,2
伊達紋別,北海道旅客鉄道株式会社,室蘭本線,,伊達紋別,日本国有鉄道,胆振線,,1,だてもんべつ,北海道,,,,,2
,,,,上長和,日本国有鉄道,胆振線,,2,かみながわ,北海道,,,,,2
,,,,壮瞥,日本国有鉄道,胆振線,,3,そうべつ,北海道,,,,,2
,,,,久保内,日本国有鉄道,胆振線,,4,くぼない,北海道,,,,,2
,,,,蟠渓,日本国有鉄道,胆振線,,5,ばんけい,北海道,,,,,2
,,,,北湯沢,日本国有鉄道,胆振線,,6,きたゆざわ,北海道,,,,,2
,,,,優徳,日本国有鉄道,胆振線,,7,ゆうとく,北海道,,,,,2
,,,,新大滝,日本国有鉄道,胆振線,,8,しんおおたき,北海道,,,,,2
,,,,御園,日本国有鉄道,胆振線,,9,みその,北海道,,,,,2
,,,,北鈴川,日本国有鉄道,胆振線,,10,きたすずかわ,北海道,,,,,2
,,,,喜茂別,日本国有鉄道,胆振線,,11,きもべつ,北海道,,,,,2
,,,,留産,日本国有鉄道,胆振線,,12,るさん,北海道,,,,,2
,,,,南京極,日本国有鉄道,胆振線,,13,みなみきょうごく,北海道,,,,,2
,,,,東京極,日本国有鉄道,胆振線,,14,ひがしきょうごく,北海道,,,,,2
,,,,京極,日本国有鉄道,胆振線,,15,きょうごく,北海道,,,,,2
,,,,北岡,日本国有鉄道,胆振線,,16,きたおか,北海道,,,,,2
,,,,寒別,日本国有鉄道,胆振線,,17,かんべつ,北海道,,,,,2
,,,,参郷,日本国有鉄道,胆振線,,18,さんごう,北海道,,,,,2
,,,,六郷,日本国有鉄道,胆振線,,19,ろくごう,北海道,,,,,2
倶知安,北海道旅客鉄道株式会社,函館本線,,倶知安,日本国有鉄道,胆振線,,20,くっちゃん,北海道,,,,,2
京極,日本国有鉄道,胆振線,,京極,日本国有鉄道,胆振線,支線,1,きょうごく,北海道,,,,,2
,,,,脇方,日本国有鉄道,胆振線,支線,2,わきかた,北海道,,,,,2
志文,北海道旅客鉄道株式会社,室蘭本線,,志文,日本国有鉄道,万字線,,1,しぶん,北海道,,,,,2
,,,,上志文,日本国有鉄道,万字線,,2,かみしぶん,北海道,,,,,2
,,,,朝日,日本国有鉄道,万字線,,3,あさひ,北海道,,,,,2
,,,,美流渡,日本国有鉄道,万字線,,4,みると,北海道,,,,,2
,,,,万字,日本国有鉄道,万字線,,5,まんじ,北海道,,,,,2
,,,,万字炭山,日本国有鉄道,万字線,,6,まんじたんざん,北海道,,,,,2
岩見沢,北海道旅客鉄道株式会社,函館本線,,岩見沢,北海道旅客鉄道株式会社,幌内線,,1,いわみざわ,北海道,,,,,2
,,,,栄町,北海道旅客鉄道株式会社,幌内線,,2,さかえまち,北海道,,,,,2
,,,,萱野,北海道旅客鉄道株式会社,幌内線,,3,かやの,北海道,,,,,2
,,,,三笠,北海道旅客鉄道株式会社,幌内線,,4,みかさ,北海道,,,,,2
,,,,唐松,北海道旅客鉄道株式会社,幌内線,,5,とうまつ,北海道,,,,,2
,,,,弥生,北海道旅客鉄道株式会社,幌内線,,6,やよい,北海道,,,,,2
,,,,幾春別,北海道旅客鉄道株式会社,幌内線,,7,いくしゅんべつ,北海道,,,,,2
,,,,三笠,日本国有鉄道,幌内線,支線,1,みかさ,北海道,,,,,2
,,,,幌内住吉,日本国有鉄道,幌内線,支線,2,ほろないすみよし,北海道,,,,,2
,,,,幌内,日本国有鉄道,幌内線,支線,3,ほろない,北海道,,,,,2
美唄,北海道旅客鉄道株式会社,函館本線,,美唄,日本国有鉄道,函館本線,美唄支線,1,びばい,北海道,,,,,2
,,,,南美唄,日本国有鉄道,函館本線,美唄支線,2,みなみびばい,北海道,,,,,2
砂川,北海道旅客鉄道株式会社,函館本線,,砂川,北海道旅客鉄道株式会社,函館本線,上砂川支線,1,すながわ,北海道,,,,,2
,,,,下鶉,北海道旅客鉄道株式会社,函館本線,上砂川支線,2,しもうずら,北海道,,,,,2
,,,,鶉,北海道旅客鉄道株式会社,函館本線,上砂川支線,3,うずら,北海道,,,,,2
,,,,東鶉,北海道旅客鉄道株式会社,函館本線,上砂川支線,4,ひがしうずら,北海道,,,,,2
,,,,上砂川,北海道旅客鉄道株式会社,函館本線,上砂川支線,5,かみすながわ,北海道,,,,,2
砂川,北海道旅客鉄道株式会社,函館本線,,砂川,北海道旅客鉄道株式会社,歌志内線,,1,すながわ,北海道,,,,,2
,,,,焼山,北海道旅客鉄道株式会社,歌志内線,,2,やけやま,北海道,,,,,2
,,,,文珠,北海道旅客鉄道株式会社,歌志内線,,3,もんじゅ,北海道,,,,,2
,,,,西歌,北海道旅客鉄道株式会社,歌志内線,,4,にしうた,北海道,,,,,2
,,,,神威,北海道旅客鉄道株式会社,歌志内線,,5,かもい,北海道,,,,,2
,,,,歌神,北海道旅客鉄道株式会社,歌志内線,,6,かしん,北海道,,,,,2
,,,,歌志内,北海道旅客鉄道株式会社,歌志内線,,7,うたしない,北海道,,,,,2
新十津川,北海道旅客鉄道株式会社,札沼線,,新十津川,日本国有鉄道,札沼線,新十津川～石狩沼田,1,しんとつかわ,北海道,,,,,2
,,,,石狩橋本,日本国有鉄道,札沼線,新十津川～石狩沼田,2,いしかりはしもと,北海道,,,,,2
,,,,上徳富,日本国有鉄道,札沼線,新十津川～石狩沼田,3,かみとっぷ,北海道,,,,,2
,,,,北上徳富,日本国有鉄道,札沼線,新十津川～石狩沼田,4,きたかみとっぷ,北海道,,,,,2
,,,,南雨竜(仮),日本国有鉄道,札沼線,新十津川～石狩沼田,5,,北海道,,,,,2
,,,,雨竜,日本国有鉄道,札沼線,新十津川～石狩沼田,6,うりゅう,北海道,,,,,2
,,,,中雨竜(仮),日本国有鉄道,札沼線,新十津川～石狩沼田,7,,北海道,,,,,2
,,,,石狩追分,日本国有鉄道,札沼線,新十津川～石狩沼田,8,いしかりおいわけ,北海道,,,,,2
,,,,渭ノ津,日本国有鉄道,札沼線,新十津川～石狩沼田,9,いのつ,北海道,,,,,2
,,,,和,日本国有鉄道,札沼線,新十津川～石狩沼田,10,やわら,北海道,,,,,2
,,,,中ノ岱,日本国有鉄道,札沼線,新十津川～石狩沼田,11,なかのたい,北海道,,,,,2
,,,,碧水,日本国有鉄道,札沼線,新十津川～石狩沼田,12,へきすい,北海道,,,,,2
,,,,北竜,日本国有鉄道,札沼線,新十津川～石狩沼田,13,ほくりゅう,北海道,,,,,2
,,,,五ケ山,日本国有鉄道,札沼線,新十津川～石狩沼田,14,ごかやま,北海道,,,,,2
,,,,石狩沼田,日本国有鉄道,札沼線,新十津川～石狩沼田,15,いしかりぬまた,北海道,,,,,2
鵡川,北海道旅客鉄道株式会社,日高本線,,鵡川,日本国有鉄道,富内線,,1,むかわ,北海道,,,,,2
,,,,豊城,日本国有鉄道,富内線,,2,とよしろ,北海道,,,,,2
,,,,春日,日本国有鉄道,富内線,,3,かすが,北海道,,,,,2
,,,,旭岡,日本国有鉄道,富内線,,4,あさひおか,北海道,,,,,2
,,,,栄,日本国有鉄道,富内線,,5,さかえ,北海道,,,,,2
,,,,豊田,日本国有鉄道,富内線,,6,とよた,北海道,,,,,2
,,,,穂別,日本国有鉄道,富内線,,7,ほべつ,北海道,,,,,2
,,,,富内,日本国有鉄道,富内線,,8,とみうち,北海道,,,,,2
,,,,幌毛志,日本国有鉄道,富内線,,9,ほろけし,北海道,,,,,2
,,,,振内,日本国有鉄道,富内線,,10,ふれない,北海道,,,,,2
,,,,仁世宇,日本国有鉄道,富内線,,11,にせう,北海道,,,,,2
,,,,岩知志,日本国有鉄道,富内線,,12,いわちし,北海道,,,,,2
,,,,日高岩内,日本国有鉄道,富内線,,13,ひだかいわない,北海道,,,,,2
,,,,日高三岡,日本国有鉄道,富内線,,14,ひだかみつおか,北海道,,,,,2
,,,,日高町,日本国有鉄道,富内線,,15,ひだかちょう,北海道,,,,,2
留萌,北海道旅客鉄道株式会社,留萌本線,,留萠,日本国有鉄道,羽幌線,,1,るもい,北海道,,,,,2
,,,,三泊,日本国有鉄道,羽幌線,,2,さんとまり,北海道,,,,,2
,,,,臼谷,日本国有鉄道,羽幌線,,3,うすや,北海道,,,,,2
,,,,小平,日本国有鉄道,羽幌線,,4,おびら,北海道,,,,,2
,,,,花岡(仮),日本国有鉄道,羽幌線,,5,,北海道,,,,,2
,,,,大椴,日本国有鉄道,羽幌線,,6,おおとど,北海道,,,,,2
,,,,富岡(仮),日本国有鉄道,羽幌線,,7,,北海道,,,,,2
,,,,鬼鹿,日本国有鉄道,羽幌線,,8,おにしか,北海道,,,,,2
,,,,千松(仮),日本国有鉄道,羽幌線,,9,,北海道,,,,,2
,,,,力昼,日本国有鉄道,羽幌線,,10,りきびる,北海道,,,,,2
,,,,番屋ノ沢(仮),日本国有鉄道,羽幌線,,11,,北海道,,,,,2
,,,,古丹別,日本国有鉄道,羽幌線,,12,こたんべつ,北海道,,,,,2
,,,,上平,日本国有鉄道,羽幌線,,13,うえひら,北海道,,,,,2
,,,,苫前,日本国有鉄道,羽幌線,,14,とままえ,北海道,,,,,2
,,,,興津(仮),日本国有鉄道,羽幌線,,15,,北海道,,,,,2
,,,,羽幌,日本国有鉄道,羽幌線,,16,はぼろ,北海道,,,,,2
,,,,下ノ滝(仮),日本国有鉄道,羽幌線,,17,,北海道,,,,,2
,,,,築別,日本国有鉄道,羽幌線,,18,ちくべつ,北海道,,,,,2
,,,,天塩有明,日本国有鉄道,羽幌線,,19,てしおありあけ,北海道,,,,,2
,,,,天塩栄,日本国有鉄道,羽幌線,,20,てしおさかえ,北海道,,,,,2
,,,,初山別,日本国有鉄道,羽幌線,,21,しょさんべつ,北海道,,,,,2
,,,,豊岬,日本国有鉄道,羽幌線,,22,とよさき,北海道,,,,,2
,,,,天塩大沢,日本国有鉄道,羽幌線,,23,てしおおおさわ,北海道,,,,,2
,,,,共成,日本国有鉄道,羽幌線,,24,きょうせい,北海道,,,,,2
,,,,歌越,日本国有鉄道,羽幌線,,25,うたこし,北海道,,,,,2
,,,,天塩金浦,日本国有鉄道,羽幌線,,26,てしおかなうら,北海道,,,,,2
,,,,遠別,日本国有鉄道,羽幌線,,27,えんべつ,北海道,,,,,2
,,,,啓明(仮),日本国有鉄道,羽幌線,,28,,北海道,,,,,2
,,,,丸松,日本国有鉄道,羽幌線,,29,まるまつ,北海道,,,,,2
,,,,北里(仮),日本国有鉄道,羽幌線,,30,,北海道,,,,,2
,,,,更岸,日本国有鉄道,羽幌線,,31,さらきし,北海道,,,,,2
,,,,干拓(仮),日本国有鉄道,羽幌線,,32,,北海道,,,,,2
,,,,天塩,日本国有鉄道,羽幌線,,33,てしお,北海道,,,,,2
,,,,中川口(仮),日本国有鉄道,羽幌線,,34,,北海道,,,,,2
,,,,北川口,日本国有鉄道,羽幌線,,35,きたかわぐち,北海道,,,,,2
,,,,西振老(仮),日本国有鉄道,羽幌線,,36,,北海道,,,,,2
,,,,振老,日本国有鉄道,羽幌線,,37,ふらおい,北海道,,,,,2
,,,,作返(仮),日本国有鉄道,羽幌線,,38,,北海道,,,,,2
,,,,幌延,日本国有鉄道,羽幌線,,39,ほろのべ,北海道,,,,,2
,,,,標茶,北海道旅客鉄道株式会社,標津線,,1,しべちゃ,北海道,,,,,2
,,,,多和,北海道旅客鉄道株式会社,標津線,,2,たわ,北海道,,,,,2
,,,,泉川,北海道旅客鉄道株式会社,標津線,,3,いずみかわ,北海道,,,,,2
,,,,光進,北海道旅客鉄道株式会社,標津線,,4,こうしん,北海道,,,,,2
,,,,西春別,北海道旅客鉄道株式会社,標津線,,5,にししゅんべつ,北海道,,,,,2
,,,,上春別,北海道旅客鉄道株式会社,標津線,,6,かみしゅんべつ,北海道,,,,,2
,,,,計根別,北海道旅客鉄道株式会社,標津線,,7,けねべつ,北海道,,,,,2
,,,,開栄(仮),北海道旅客鉄道株式会社,標津線,,8,,北海道,,,,,2
,,,,当幌,北海道旅客鉄道株式会社,標津線,,9,とうほろ,北海道,,,,,2
,,,,中標津,北海道旅客鉄道株式会社,標津線,,10,なかしべつ,北海道,,,,,2
,,,,上武佐,北海道旅客鉄道株式会社,標津線,,11,かみむさ,北海道,,,,,2
,,,,川北,北海道旅客鉄道株式会社,標津線,,12,かわきた,北海道,,,,,2
,,,,根室標津,北海道旅客鉄道株式会社,標津線,,13,ねむろしべつ,北海道,,,,,2
,,,,中標津,北海道旅客鉄道株式会社,標津線,支線,1,なかしべつ,北海道,,,,,2
,,,,協和,北海道旅客鉄道株式会社,標津線,支線,2,きょうわ,北海道,,,,,2
,,,,春別,北海道旅客鉄道株式会社,標津線,支線,3,しゅんべつ,北海道,,,,,2
,,,,平糸,北海道旅客鉄道株式会社,標津線,支線,4,ひらいと,北海道,,,,,2
,,,,別海,北海道旅客鉄道株式会社,標津線,支線,5,べっかい,北海道,,,,,2
,,,,奥行臼,北海道旅客鉄道株式会社,標津線,支線,6,おくゆきうす,北海道,,,,,2
厚床,北海道旅客鉄道株式会社,根室本線,,厚床,北海道旅客鉄道株式会社,標津線,支線,7,あっとこ,北海道,,,,,2
知床斜里,北海道旅客鉄道株式会社,釧網本線,,斜里,日本国有鉄道,根北線,,1,しゃり,北海道,,,,,2
,,,,以久科,日本国有鉄道,根北線,,2,いくしな,北海道,,,,,2
,,,,西二線(仮),日本国有鉄道,根北線,,3,,北海道,,,,,2
,,,,下越川,日本国有鉄道,根北線,,4,しもこしかわ,北海道,,,,,2
,,,,十四号(仮),日本国有鉄道,根北線,,5,,北海道,,,,,2
,,,,十六号(仮),日本国有鉄道,根北線,,6,,北海道,,,,,2
,,,,越川,日本国有鉄道,根北線,,7,こしかわ,北海道,,,,,2
帯広,北海道旅客鉄道株式会社,根室本線,,帯広,日本国有鉄道,広尾線,,1,おびひろ,北海道,,,,,2
,,,,依田,日本国有鉄道,広尾線,,2,よだ,北海道,,,,,2
,,,,北愛国,日本国有鉄道,広尾線,,3,きたあいこく,北海道,,,,,2
,,,,愛国,日本国有鉄道,広尾線,,4,あいこく,北海道,,,,,2
,,,,大正,日本国有鉄道,広尾線,,5,たいしょう,北海道,,,,,2
,,,,幸福,日本国有鉄道,広尾線,,6,こうふく,北海道,,,,,2
,,,,中札内,日本国有鉄道,広尾線,,7,なかさつない,北海道,,,,,2
,,,,更別,日本国有鉄道,広尾線,,8,さらべつ,北海道,,,,,2
,,,,上更別,日本国有鉄道,広尾線,,9,かみさらべつ,北海道,,,,,2
,,,,忠類,日本国有鉄道,広尾線,,10,ちゅうるい,北海道,,,,,2
,,,,十勝東和,日本国有鉄道,広尾線,,11,とかちとうわ,北海道,,,,,2
,,,,大樹,日本国有鉄道,広尾線,,12,たいき,北海道,,,,,2
,,,,石坂,日本国有鉄道,広尾線,,13,いしざか,北海道,,,,,2
,,,,豊似,日本国有鉄道,広尾線,,14,とよに,北海道,,,,,2
,,,,野塚,日本国有鉄道,広尾線,,15,のづか,北海道,,,,,2
,,,,新生,日本国有鉄道,広尾線,,16,しんせい,北海道,,,,,2
,,,,広尾,日本国有鉄道,広尾線,,17,ひろお,北海道,,,,,2
帯広,北海道旅客鉄道株式会社,根室本線,,帯広,日本国有鉄道,士幌線,,1,おびひろ,北海道,,,,,2
,,,,木野,日本国有鉄道,士幌線,,2,きの,北海道,,,,,2
,,,,音更,日本国有鉄道,士幌線,,3,おとふけ,北海道,,,,,2
,,,,駒場,日本国有鉄道,士幌線,,4,こまば,北海道,,,,,2
,,,,武儀,日本国有鉄道,士幌線,,5,むぎ,北海道,,,,,2
,,,,中士幌,日本国有鉄道,士幌線,,6,なかしほろ,北海道,,,,,2
,,,,新士幌(仮),日本国有鉄道,士幌線,,7,,北海道,,,,,2
,,,,士幌,日本国有鉄道,士幌線,,8,しほろ,北海道,,,,,2
,,,,北平和,日本国有鉄道,士幌線,,9,きたへいわ,北海道,,,,,2
,,,,上士幌,日本国有鉄道,士幌線,,10,かみしほろ,北海道,,,,,2
,,,,萩ヶ岡,日本国有鉄道,士幌線,,11,はぎがおか,北海道,,,,,2
,,,,清水谷,日本国有鉄道,士幌線,,12,しみずだに,北海道,,,,,2
,,,,黒石平,日本国有鉄道,士幌線,,13,くろいしだいら,北海道,,,,,2
,,,,電力所前(仮),日本国有鉄道,士幌線,,14,,北海道,,,,,2
,,,,糠平ダム(仮),日本国有鉄道,士幌線,,15,,北海道,,,,,2
,,,,糠平,日本国有鉄道,士幌線,,16,ぬかびら,北海道,,,,,2
,,,,幌加,日本国有鉄道,士幌線,,17,ほろか,北海道,,,,,2
,,,,十勝三股,日本国有鉄道,士幌線,,18,とかちみつまた,北海道,,,,,2
白糠,北海道旅客鉄道株式会社,根室本線,,白糠,日本国有鉄道,白糠線,,1,しらぬか,北海道,,,,,2
,,,,上白糠,日本国有鉄道,白糠線,,2,かみしらぬか,北海道,,,,,2
,,,,共栄(仮),日本国有鉄道,白糠線,,3,,北海道,,,,,2
,,,,茶路,日本国有鉄道,白糠線,,4,ちゃろ,北海道,,,,,2
,,,,縫別,日本国有鉄道,白糠線,,5,ぬいべつ,北海道,,,,,2
,,,,上茶路,日本国有鉄道,白糠線,,6,かみちゃろ,北海道,,,,,2
,,,,下北進,日本国有鉄道,白糠線,,7,しもほくしん,北海道,,,,,2
,,,,北進,日本国有鉄道,白糠線,,8,ほくしん,北海道,,,,,2
美幌,北海道旅客鉄道株式会社,石北本線,,美幌,日本国有鉄道,相生線,,1,びほろ,北海道,,,,,2
,,,,旭通(仮),日本国有鉄道,相生線,,2,,北海道,,,,,2
,,,,上美幌,日本国有鉄道,相生線,,3,かみびほろ,北海道,,,,,2
,,,,豊幌(仮),日本国有鉄道,相生線,,4,とよほろ,北海道,,,,,2
,,,,活汲,日本国有鉄道,相生線,,5,かっくみ,北海道,,,,,2
,,,,達美(仮),日本国有鉄道,相生線,,6,,北海道,,,,,2
,,,,津別,日本国有鉄道,相生線,,7,つべつ,北海道,,,,,2
,,,,高校前(仮),日本国有鉄道,相生線,,8,,北海道,,,,,2
,,,,恩根,日本国有鉄道,相生線,,9,おんね,北海道,,,,,2
,,,,本岐,日本国有鉄道,相生線,,10,ほんき,北海道,,,,,2
,,,,大昭(仮),日本国有鉄道,相生線,,11,,北海道,,,,,2
,,,,開拓(仮),日本国有鉄道,相生線,,12,,北海道,,,,,2
,,,,布川,日本国有鉄道,相生線,,13,ぬのかわ,北海道,,,,,2
,,,,北見相生,日本国有鉄道,相生線,,14,きたみあいおい,北海道,,,,,2
,,,,中湧別,北海道旅客鉄道株式会社,名寄本線,支線,1,なかゆうべつ,北海道,,,,,2
,,,,四号線,北海道旅客鉄道株式会社,名寄本線,支線,2,しごうせん,北海道,,,,,2
,,,,湧別,北海道旅客鉄道株式会社,名寄本線,支線,3,ゆうべつ,北海道,,,,,2
中湧別,北海道旅客鉄道株式会社,名寄本線,支線,中湧別,日本国有鉄道,湧網線,,1,なかゆうべつ,北海道,,,,,2
,,,,五鹿山(仮),日本国有鉄道,湧網線,,2,,北海道,,,,,2
,,,,福島(仮),日本国有鉄道,湧網線,,3,,北海道,,,,,2
,,,,芭露,日本国有鉄道,湧網線,,4,ばろう,北海道,,,,,2
,,,,志撫子(仮),日本国有鉄道,湧網線,,5,,北海道,,,,,2
,,,,計呂地,日本国有鉄道,湧網線,,6,けろち,北海道,,,,,2
,,,,浜床丹(仮),日本国有鉄道,湧網線,,7,,北海道,,,,,2
,,,,床丹,日本国有鉄道,湧網線,,8,とこたん,北海道,,,,,2
,,,,若里(仮),日本国有鉄道,湧網線,,9,,北海道,,,,,2
,,,,佐呂間,日本国有鉄道,湧網線,,10,さろま,北海道,,,,,2
,,,,堺橋(仮),日本国有鉄道,湧網線,,11,,北海道,,,,,2
,,,,興生沢(仮),日本国有鉄道,湧網線,,12,,北海道,,,,,2
,,,,知来,日本国有鉄道,湧網線,,13,ちらい,北海道,,,,,2
,,,,紅葉橋(仮),日本国有鉄道,湧網線,,14,,北海道,,,,,2
,,,,仁倉,日本国有鉄道,湧網線,,15,にくら,北海道,,,,,2
,,,,浜佐呂間,日本国有鉄道,湧網線,,16,はまさろま,北海道,,,,,2
,,,,北見富丘,日本国有鉄道,湧網線,,17,きたみとみおか,北海道,,,,,2
,,,,東富丘(仮),日本国有鉄道,湧網線,,18,,北海道,,,,,2
,,,,北見共立,日本国有鉄道,湧網線,,19,きたみきょうりつ,北海道,,,,,2
,,,,土佐(仮),日本国有鉄道,湧網線,,20,,北海道,,,,,2
,,,,常呂,日本国有鉄道,湧網線,,21,ところ,北海道,,,,,2
,,,,常呂港(仮),日本国有鉄道,湧網線,,22,,北海道,,,,,2
,,,,能取,日本国有鉄道,湧網線,,23,のとろ,北海道,,,,,2
,,,,中能取(仮),日本国有鉄道,湧網線,,24,,北海道,,,,,2
,,,,北見平和,日本国有鉄道,湧網線,,25,きたみへいわ,北海道,,,,,2
,,,,卯原内,日本国有鉄道,湧網線,,26,うばらない,北海道,,,,,2
,,,,二見中央(仮),日本国有鉄道,湧網線,,27,,北海道,,,,,2
,,,,二見ケ岡,日本国有鉄道,湧網線,,28,ふたみがおか,北海道,,,,,2
,,,,大曲(仮),日本国有鉄道,湧網線,,29,,北海道,,,,,2
網走,北海道旅客鉄道株式会社,石北本線,,網走,日本国有鉄道,湧網線,,30,あばしり,北海道,,,,,2
名寄,北海道旅客鉄道株式会社,宗谷本線,,名寄,北海道旅客鉄道株式会社,名寄本線,,1,なよろ,北海道,,,,,2
,,,,中名寄,北海道旅客鉄道株式会社,名寄本線,,2,なかなよろ,北海道,,,,,2
,,,,上名寄,北海道旅客鉄道株式会社,名寄本線,,3,かみなよろ,北海道,,,,,2
,,,,矢文,北海道旅客鉄道株式会社,名寄本線,,4,やぶみ,北海道,,,,,2
,,,,岐阜橋,北海道旅客鉄道株式会社,名寄本線,,5,ぎふばし,北海道,,,,,2
,,,,下川,北海道旅客鉄道株式会社,名寄本線,,6,しもかわ,北海道,,,,,2
,,,,二ノ橋,北海道旅客鉄道株式会社,名寄本線,,7,にのはし,北海道,,,,,2
,,,,幸成,北海道旅客鉄道株式会社,名寄本線,,8,こうせい,北海道,,,,,2
,,,,一ノ橋,北海道旅客鉄道株式会社,名寄本線,,9,いちのはし,北海道,,,,,2
,,,,上興部,北海道旅客鉄道株式会社,名寄本線,,10,かみおこっぺ,北海道,,,,,2
,,,,西興部,北海道旅客鉄道株式会社,名寄本線,,11,にしおこっぺ,北海道,,,,,2
,,,,六興,北海道旅客鉄道株式会社,名寄本線,,12,ろっこう,北海道,,,,,2
,,,,中興部,北海道旅客鉄道株式会社,名寄本線,,13,なかおこっぺ,北海道,,,,,2
,,,,班渓,北海道旅客鉄道株式会社,名寄本線,,14,ぱんけ,北海道,,,,,2
,,,,宇津,北海道旅客鉄道株式会社,名寄本線,,15,うつ,北海道,,,,,2
,,,,北興,北海道旅客鉄道株式会社,名寄本線,,16,ほっこう,北海道,,,,,2
,,,,興部,北海道旅客鉄道株式会社,名寄本線,,17,おこっぺ,北海道,,,,,2
,,,,旭ケ丘,北海道旅客鉄道株式会社,名寄本線,,18,あさひがおか,北海道,,,,,2
,,,,豊野,北海道旅客鉄道株式会社,名寄本線,,19,とよの,北海道,,,,,2
,,,,沙留,北海道旅客鉄道株式会社,名寄本線,,20,さるる,北海道,,,,,2
,,,,富丘,北海道旅客鉄道株式会社,名寄本線,,21,とみおか,北海道,,,,,2
,,,,渚滑,北海道旅客鉄道株式会社,名寄本線,,22,しょこつ,北海道,,,,,2
,,,,潮見町,北海道旅客鉄道株式会社,名寄本線,,23,しおみちょう,北海道,,,,,2
,,,,紋別,北海道旅客鉄道株式会社,名寄本線,,24,もんべつ,北海道,,,,,2
,,,,元紋別,北海道旅客鉄道株式会社,名寄本線,,25,もともんべつ,北海道,,,,,2
,,,,一本松,北海道旅客鉄道株式会社,名寄本線,,26,いっぽんまつ,北海道,,,,,2
,,,,小向,北海道旅客鉄道株式会社,名寄本線,,27,こむかい,北海道,,,,,2
,,,,弘道,北海道旅客鉄道株式会社,名寄本線,,28,こうどう,北海道,,,,,2
,,,,沼ノ上,北海道旅客鉄道株式会社,名寄本線,,29,ぬまのうえ,北海道,,,,,2
,,,,旭,北海道旅客鉄道株式会社,名寄本線,,30,あさひ,北海道,,,,,2
,,,,川西,北海道旅客鉄道株式会社,名寄本線,,31,かわにし,北海道,,,,,2
中湧別,北海道旅客鉄道株式会社,名寄本線,支線,中湧別,北海道旅客鉄道株式会社,名寄本線,,32,なかゆうべつ,北海道,,,,,2
,,,,北湧,北海道旅客鉄道株式会社,名寄本線,,33,ほくゆう,北海道,,,,,2
,,,,上湧別,北海道旅客鉄道株式会社,名寄本線,,34,かみゆうべつ,北海道,,,,,2
,,,,共進,北海道旅客鉄道株式会社,名寄本線,,35,きょうしん,北海道,,,,,2
,,,,開盛,北海道旅客鉄道株式会社,名寄本線,,36,かいせい,北海道,,,,,2
,,,,北遠軽,北海道旅客鉄道株式会社,名寄本線,,37,きたえんがる,北海道,,,,,2
遠軽,北海道旅客鉄道株式会社,石北本線,,遠軽,北海道旅客鉄道株式会社,名寄本線,,38,えんがる,北海道,,,,,2
深川,北海道旅客鉄道株式会社,函館本線,,深川,北海道旅客鉄道株式会社,深名線,,1,ふかがわ,北海道,,,,,2
,,,,円山,北海道旅客鉄道株式会社,深名線,,2,まるやま,北海道,,,,,2
,,,,上多度志,北海道旅客鉄道株式会社,深名線,,3,かみたどし,北海道,,,,,2
,,,,多度志,北海道旅客鉄道株式会社,深名線,,4,たどし,北海道,,,,,2
,,,,宇摩,北海道旅客鉄道株式会社,深名線,,5,うま,北海道,,,,,2
,,,,幌成,北海道旅客鉄道株式会社,深名線,,6,ほろなり,北海道,,,,,2
,,,,下幌成,北海道旅客鉄道株式会社,深名線,,7,しもほろなり,北海道,,,,,2
,,,,鷹泊,北海道旅客鉄道株式会社,深名線,,8,たかどまり,北海道,,,,,2
,,,,沼牛,北海道旅客鉄道株式会社,深名線,,9,ぬまうし,北海道,,,,,2
,,,,新成生,北海道旅客鉄道株式会社,深名線,,10,しんなりう,北海道,,,,,2
,,,,幌加内,北海道旅客鉄道株式会社,深名線,,11,ほろかない,北海道,,,,,2
,,,,上幌加内,北海道旅客鉄道株式会社,深名線,,12,かみほろかない,北海道,,,,,2
,,,,政和,北海道旅客鉄道株式会社,深名線,,13,せいわ,北海道,,,,,2
,,,,新富,北海道旅客鉄道株式会社,深名線,,14,しんとみ,北海道,,,,,2
,,,,添牛内,北海道旅客鉄道株式会社,深名線,,15,そえうしない,北海道,,,,,2
,,,,共栄,北海道旅客鉄道株式会社,深名線,,16,きょうえい,北海道,,,,,2
,,,,朱鞠内,北海道旅客鉄道株式会社,深名線,,17,しゅまりない,北海道,,,,,2
,,,,湖畔,北海道旅客鉄道株式会社,深名線,,18,こはん,北海道,,,,,2
,,,,北母子里,北海道旅客鉄道株式会社,深名線,,19,きたもしり,北海道,,,,,2
,,,,天塩弥生,北海道旅客鉄道株式会社,深名線,,20,てしおやよい,北海道,,,,,2
,,,,西名寄,北海道旅客鉄道株式会社,深名線,,21,にしなよろ,北海道,,,,,2
名寄,北海道旅客鉄道株式会社,宗谷本線,,名寄,北海道旅客鉄道株式会社,深名線,,22,なよろ,北海道,,,,,2
渚滑,北海道旅客鉄道株式会社,名寄本線,,渚滑,日本国有鉄道,渚滑線,,1,しょこつ,北海道,,,,,2
,,,,元西(仮),日本国有鉄道,渚滑線,,2,,北海道,,,,,2
,,,,下渚滑,日本国有鉄道,渚滑線,,3,しもしょこつ,北海道,,,,,2
,,,,十六号線(仮),日本国有鉄道,渚滑線,,4,,北海道,,,,,2
,,,,中渚滑,日本国有鉄道,渚滑線,,5,なかしょこつ,北海道,,,,,2
,,,,上東(仮),日本国有鉄道,渚滑線,,6,,北海道,,,,,2
,,,,上渚滑,日本国有鉄道,渚滑線,,7,かみしょこつ,北海道,,,,,2
,,,,奥東(仮),日本国有鉄道,渚滑線,,8,,北海道,,,,,2
,,,,滝ノ下,日本国有鉄道,渚滑線,,9,たきのした,北海道,,,,,2
,,,,雄鎮内(仮),日本国有鉄道,渚滑線,,10,,北海道,,,,,2
,,,,濁川,日本国有鉄道,渚滑線,,11,にごりかわ,北海道,,,,,2
,,,,北見滝ノ上,日本国有鉄道,渚滑線,,12,きたみたきのうえ,北海道,,,,,2
興部,北海道旅客鉄道株式会社,名寄本線,,興部,日本国有鉄道,興浜南線,,1,おこっぺ,北海道,,,,,2
,,,,沢木,日本国有鉄道,興浜南線,,2,さわき,北海道,,,,,2
,,,,元沢木(仮),日本国有鉄道,興浜南線,,3,,北海道,,,,,2
,,,,栄丘,日本国有鉄道,興浜南線,,4,さかえおか,北海道,,,,,2
,,,,雄武共栄(仮),日本国有鉄道,興浜南線,,5,,北海道,,,,,2
,,,,雄武,日本国有鉄道,興浜南線,,6,おむ,北海道,,,,,2
音威子府,北海道旅客鉄道株式会社,宗谷本線,,音威子府,北海道旅客鉄道株式会社,天北線,,1,おといねっぷ,北海道,,,,,2
,,,,上音威子府,北海道旅客鉄道株式会社,天北線,,2,かみおといねっぷ,北海道,,,,,2
,,,,小頓別,北海道旅客鉄道株式会社,天北線,,3,しょうとんべつ,北海道,,,,,2
,,,,上頓別,北海道旅客鉄道株式会社,天北線,,4,かみとんべつ,北海道,,,,,2
,,,,恵野,北海道旅客鉄道株式会社,天北線,,5,めぐみの,北海道,,,,,2
,,,,敏音知,北海道旅客鉄道株式会社,天北線,,6,ぴんねしり,北海道,,,,,2
,,,,周磨,北海道旅客鉄道株式会社,天北線,,7,しゅうまろ,北海道,,,,,2
,,,,松音知,北海道旅客鉄道株式会社,天北線,,8,まつねしり,北海道,,,,,2
,,,,上駒,北海道旅客鉄道株式会社,天北線,,9,かみこま,北海道,,,,,2
,,,,中頓別,北海道旅客鉄道株式会社,天北線,,10,なかとんべつ,北海道,,,,,2
,,,,寿,北海道旅客鉄道株式会社,天北線,,11,ことぶき,北海道,,,,,2
,,,,新弥生,北海道旅客鉄道株式会社,天北線,,12,しんやよい,北海道,,,,,2
,,,,下頓別,北海道旅客鉄道株式会社,天北線,,13,しもとんべつ,北海道,,,,,2
,,,,常盤,北海道旅客鉄道株式会社,天北線,,14,ときわ,北海道,,,,,2
,,,,浜頓別,北海道旅客鉄道株式会社,天北線,,15,はまとんべつ,北海道,,,,,2
,,,,山軽,北海道旅客鉄道株式会社,天北線,,16,やまがる,北海道,,,,,2
,,,,安別,北海道旅客鉄道株式会社,天北線,,17,やすべつ,北海道,,,,,2
,,,,飛行場前,北海道旅客鉄道株式会社,天北線,,18,ひこうじょうまえ,北海道,,,,,2
,,,,浅茅野,北海道旅客鉄道株式会社,天北線,,19,あさじの,北海道,,,,,2
,,,,猿払,北海道旅客鉄道株式会社,天北線,,20,さるふつ,北海道,,,,,2
,,,,芦野,北海道旅客鉄道株式会社,天北線,,21,あしの,北海道,,,,,2
,,,,鬼志別,北海道旅客鉄道株式会社,天北線,,22,おにしべつ,北海道,,,,,2
,,,,小石,北海道旅客鉄道株式会社,天北線,,23,こいし,北海道,,,,,2
,,,,曲淵,北海道旅客鉄道株式会社,天北線,,24,まがりふち,北海道,,,,,2
,,,,沼川,北海道旅客鉄道株式会社,天北線,,25,ぬまかわ,北海道,,,,,2
,,,,樺岡,北海道旅客鉄道株式会社,天北線,,26,かばおか,北海道,,,,,2
,,,,恵北,北海道旅客鉄道株式会社,天北線,,27,けいほく,北海道,,,,,2
,,,,声問,北海道旅客鉄道株式会社,天北線,,28,こえとい,北海道,,,,,2
,,,,宇遠内,北海道旅客鉄道株式会社,天北線,,29,うえんない,北海道,,,,,2
南稚内,北海道旅客鉄道株式会社,宗谷本線,,南稚内,北海道旅客鉄道株式会社,天北線,,30,みなみわっかない,北海道,,,,,2
美深,北海道旅客鉄道株式会社,宗谷本線,,美深,日本国有鉄道,美幸線,,1,びふか,北海道,,,,,2
,,,,東美深,日本国有鉄道,美幸線,,2,ひがしびふか,北海道,,,,,2
,,,,辺渓,日本国有鉄道,美幸線,,3,ぺんけ,北海道,,,,,2
,,,,仁宇布,日本国有鉄道,美幸線,,4,にうぷ,北海道,,,,,2
浜頓別,北海道旅客鉄道株式会社,天北線,,浜頓別,日本国有鉄道,興浜北線,,1,はまとんべつ,北海道,,,,,2
,,,,頓別(仮),日本国有鉄道,興浜北線,,2,,北海道,,,,,2
,,,,豊牛,日本国有鉄道,興浜北線,,3,とようし,北海道,,,,,2
,,,,豊浜(仮),日本国有鉄道,興浜北線,,4,,北海道,,,,,2
,,,,斜内,日本国有鉄道,興浜北線,,5,しゃない,北海道,,,,,2
,,,,目梨泊,日本国有鉄道,興浜北線,,6,めなしどまり,北海道,,,,,2
,,,,山臼(仮),日本国有鉄道,興浜北線,,7,,北海道,,,,,2
,,,,問牧,日本国有鉄道,興浜北線,,8,といまき,北海道,,,,,2
,,,,北見枝幸,日本国有鉄道,興浜北線,,9,きたみえさし,北海道,,,,,2
茂市,東日本旅客鉄道株式会社,山田線,,茂市,東日本旅客鉄道株式会社,岩泉線,,1,もいち,岩手県,,,,,2
,,,,岩手刈谷,東日本旅客鉄道株式会社,岩泉線,,2,いわてかりや,岩手県,,,,,2
,,,,中里,東日本旅客鉄道株式会社,岩泉線,,3,なかさと,岩手県,,,,,2
,,,,岩手和井内,東日本旅客鉄道株式会社,岩泉線,,4,いわてわいない,岩手県,,,,,2
,,,,押角,東日本旅客鉄道株式会社,岩泉線,,5,おしかど,岩手県,,,,,2
,,,,岩手大川,東日本旅客鉄道株式会社,岩泉線,,6,いわておおかわ,岩手県,,,,,2
,,,,浅内,東日本旅客鉄道株式会社,岩泉線,,7,あさない,岩手県,,,,,2
,,,,二升石,東日本旅客鉄道株式会社,岩泉線,,8,にしょういし,岩手県,,,,,2
,,,,岩泉,東日本旅客鉄道株式会社,岩泉線,,9,いわいずみ,岩手県,,,,,2
松川,東日本旅客鉄道株式会社,東北本線,,松川,日本国有鉄道,川俣線,,1,まつかわ,福島県,,,,,2
,,,,岩代飯野,日本国有鉄道,川俣線,,2,いわしろいいの,福島県,,,,,2
,,,,岩代川俣,日本国有鉄道,川俣線,,3,いわしろかわまた,福島県,,,,,2
喜多方,東日本旅客鉄道株式会社,磐越西線,,喜多方,日本国有鉄道,日中線,,1,きたかた,福島県,,,,,2
,,,,会津村松,日本国有鉄道,日中線,,2,あいづむらまつ,福島県,,,,,2
,,,,上三宮,日本国有鉄道,日中線,,3,かみさんみや,福島県,,,,,2
,,,,会津加納,日本国有鉄道,日中線,,4,あいづかのう,福島県,,,,,2
,,,,熱塩,日本国有鉄道,日中線,,5,あつしお,福島県,,,,,2
長野原草津口,東日本旅客鉄道株式会社,吾妻線,,長野原,日本国有鉄道,吾妻線,旧線,1,ながのはら,群馬県,,,,,2
,,,,太子,日本国有鉄道,吾妻線,旧線,2,おおし,群馬県,,,,,2
武蔵五日市,東日本旅客鉄道株式会社,五日市線,,武蔵五日市,日本国有鉄道,五日市線,武蔵五日市～武蔵岩井,1,むさしいつかいち,東京都,,,,,2
,,,,大久野,日本国有鉄道,五日市線,武蔵五日市～武蔵岩井,2,おおぐの,東京都,,,,,2
,,,,武蔵岩井,日本国有鉄道,五日市線,武蔵五日市～武蔵岩井,3,むさしいわい,東京都,,,,,2
国分寺,東日本旅客鉄道株式会社,中央本線,,国分寺,日本国有鉄道,中央本線,支線,1,こくぶんじ,東京都,,,,,2
北府中,東日本旅客鉄道株式会社,武蔵野線,,北府中,日本国有鉄道,中央本線,支線,2,きたふちゅう,東京都,,,,,2
,,,,東京競馬場前,日本国有鉄道,中央本線,支線,3,とうきょうけいばじょうまえ,東京都,,,,,2
寒川,東日本旅客鉄道株式会社,相模線,,寒川,日本国有鉄道,相模線,支線,1,さむかわ,神奈川県,,,,,2
,,,,西寒川,日本国有鉄道,相模線,支線,2,にしさむかわ,神奈川県,,,,,2
横川,東日本旅客鉄道株式会社,信越本線,高崎～横川,横川,東日本旅客鉄道株式会社,信越本線,横川～軽井沢,1,よこかわ,群馬県,,,,,2
軽井沢,東日本旅客鉄道株式会社,北陸新幹線,,軽井沢,東日本旅客鉄道株式会社,信越本線,横川～軽井沢,2,かるいざわ,長野県,,,,,2
新発田,東日本旅客鉄道株式会社,羽越本線,,新発田,日本国有鉄道,赤谷線,,1,しばた,新潟県,,,,,2
,,,,東中学校前(仮),日本国有鉄道,赤谷線,,2,ひがしちゅうがっこうまえ,新潟県,,,,,2
,,,,五十公野,日本国有鉄道,赤谷線,,3,いじみの,新潟県,,,,,2
,,,,新江口,日本国有鉄道,赤谷線,,4,しんえぐち,新潟県,,,,,2
,,,,米倉,日本国有鉄道,赤谷線,,5,よねくら,新潟県,,,,,2
,,,,新山内,日本国有鉄道,赤谷線,,6,しんやまうち,新潟県,,,,,2
,,,,赤谷,日本国有鉄道,赤谷線,,7,あかたに,新潟県,,,,,2
,,,,東赤谷,日本国有鉄道,赤谷線,,8,ひがしあかたに,新潟県,,,,,2
来迎寺,東日本旅客鉄道株式会社,信越本線,直江津～新潟,来迎寺,日本国有鉄道,魚沼線,,1,らいこうじ,新潟県,,,,,2
,,,,片貝,日本国有鉄道,魚沼線,,2,かたかい,新潟県,,,,,2
,,,,高梨,日本国有鉄道,魚沼線,,3,たかなし,新潟県,,,,,2
,,,,小粟田,日本国有鉄道,魚沼線,,4,こわだ,新潟県,,,,,2
,,,,西小千谷,日本国有鉄道,魚沼線,,5,にしおぢや,新潟県,,,,,2
東三条,東日本旅客鉄道株式会社,信越本線,直江津～新潟,東三条,日本国有鉄道,弥彦線,東三条～越後長沢,1,ひがしさんじょう,新潟県,,,,,2
,,,,越後大崎,日本国有鉄道,弥彦線,東三条～越後長沢,2,えちごおおさき,新潟県,,,,,2
,,,,大浦,日本国有鉄道,弥彦線,東三条～越後長沢,3,おおうら,新潟県,,,,,2
,,,,越後長沢,日本国有鉄道,弥彦線,東三条～越後長沢,4,えちごながさわ,新潟県,,,,,2
清水,東海旅客鉄道株式会社,東海道本線,,清水,日本国有鉄道,清水港線,,1,しみず,静岡県,,,,,2
,,,,清水埠頭,日本国有鉄道,清水港線,,2,しみずふとう,静岡県,,,,,2
,,,,巴川口,日本国有鉄道,清水港線,,3,ともえかわぐち,静岡県,,,,,2
,,,,折戸,日本国有鉄道,清水港線,,4,おりど,静岡県,,,,,2
,,,,三保,日本国有鉄道,清水港線,,5,みほ,静岡県,,,,,2
芦原温泉,西日本旅客鉄道株式会社,北陸本線,,金津,日本国有鉄道,三国線,,1,かなづ,福井県,,,,,2
,,,,芦原,日本国有鉄道,三国線,,2,あわら,福井県,,,,,2
,,,,片町,西日本旅客鉄道株式会社,片町線,,25,かたまち,大阪府,,,,,2
東舞鶴,西日本旅客鉄道株式会社,小浜線,,東舞鶴,日本国有鉄道,舞鶴線,支線,1,ひがしまいづる,京都府,,,,,2
,,,,北吸,日本国有鉄道,舞鶴線,支線,2,きたすい,京都府,,,,,2
,,,,中舞鶴,日本国有鉄道,舞鶴線,支線,3,なかまいづる,京都府,,,,,2
篠山口,西日本旅客鉄道株式会社,福知山線,,篠山口,日本国有鉄道,篠山線,,1,ささやまぐち,兵庫県,,,,,2
,,,,篠山,日本国有鉄道,篠山線,,2,ささやま,兵庫県,,,,,2
,,,,八上,日本国有鉄道,篠山線,,3,やかみ,兵庫県,,,,,2
,,,,丹波日置,日本国有鉄道,篠山線,,4,たんばひおき,兵庫県,,,,,2
,,,,村雲,日本国有鉄道,篠山線,,5,むらくも,兵庫県,,,,,2
,,,,福住,日本国有鉄道,篠山線,,6,ふくずみ,兵庫県,,,,,2
西脇市,西日本旅客鉄道株式会社,加古川線,,野村,西日本旅客鉄道株式会社,鍛冶屋線,,1,のむら,兵庫県,,,,,2
,,,,西脇,西日本旅客鉄道株式会社,鍛冶屋線,,2,にしわき,兵庫県,,,,,2
,,,,市原,西日本旅客鉄道株式会社,鍛冶屋線,,3,いちはら,兵庫県,,,,,2
,,,,羽安,西日本旅客鉄道株式会社,鍛冶屋線,,4,はやす,兵庫県,,,,,2
,,,,曽我井,西日本旅客鉄道株式会社,鍛冶屋線,,5,そがい,兵庫県,,,,,2
,,,,中村町,西日本旅客鉄道株式会社,鍛冶屋線,,6,なかむらまち,兵庫県,,,,,2
,,,,鍛冶屋,西日本旅客鉄道株式会社,鍛冶屋線,,7,かじや,兵庫県,,,,,2
加古川,西日本旅客鉄道株式会社,山陽本線,,加古川,日本国有鉄道,高砂線,,1,かこがわ,兵庫県,,,,,2
,,,,野口,日本国有鉄道,高砂線,,2,のぐち,兵庫県,,,,,2
,,,,鶴林寺,日本国有鉄道,高砂線,,3,かくりんじ,兵庫県,,,,,2
,,,,尾上,日本国有鉄道,高砂線,,4,おのえ,兵庫県,,,,,2
,,,,高砂口,日本国有鉄道,高砂線,,5,たかさごぐち,兵庫県,,,,,2
,,,,高砂北口,日本国有鉄道,高砂線,,6,たかさごきたぐち,兵庫県,,,,,2
,,,,高砂,日本国有鉄道,高砂線,,7,たかさご,兵庫県,,,,,2
,,,,飾磨港,日本国有鉄道,播但線,飾磨港～姫路,1,しかまこう,兵庫県,,,,,2
,,,,飾磨,日本国有鉄道,播但線,飾磨港～姫路,2,しかま,兵庫県,,,,,2
,,,,亀山,日本国有鉄道,播但線,飾磨港～姫路,3,かめやま,兵庫県,,,,,2
姫路,西日本旅客鉄道株式会社,山陽本線,,姫路,日本国有鉄道,播但線,飾磨港～姫路,4,ひめじ,兵庫県,,,,,2
塚口,西日本旅客鉄道株式会社,福知山線,,塚口,日本国有鉄道,福知山線,尼崎港線,1,つかぐち,兵庫県,,,,,2
尼崎,西日本旅客鉄道株式会社,東海道本線,,尼崎,日本国有鉄道,福知山線,尼崎港線,2,あまがさき,兵庫県,,,,,2
,,,,金楽寺,日本国有鉄道,福知山線,尼崎港線,3,きんらくじ,兵庫県,,,,,2
,,,,尼崎港,日本国有鉄道,福知山線,尼崎港線,4,あまがさきこう,兵庫県,,,,,2
倉吉,西日本旅客鉄道株式会社,山陰本線,,倉吉,日本国有鉄道,倉吉線,,1,くらよし,鳥取県,,,,,2
,,,,上灘,日本国有鉄道,倉吉線,,2,うわなだ,鳥取県,,,,,2
,,,,打吹,日本国有鉄道,倉吉線,,3,うつぶき,鳥取県,,,,,2
,,,,西倉吉,日本国有鉄道,倉吉線,,4,にしくらよし,鳥取県,,,,,2
,,,,小鴨,日本国有鉄道,倉吉線,,5,おがも,鳥取県,,,,,2
,,,,上小鴨,日本国有鉄道,倉吉線,,6,かみおがも,鳥取県,,,,,2
,,,,関金,日本国有鉄道,倉吉線,,7,せきがね,鳥取県,,,,,2
,,,,泰久寺,日本国有鉄道,倉吉線,,8,たいきゅうじ,鳥取県,,,,,2
,,,,山守,日本国有鉄道,倉吉線,,9,やまもり,鳥取県,,,,,2
江津,西日本旅客鉄道株式会社,山陰本線,,江津,西日本旅客鉄道株式会社,三江線,,1,ごうつ,島根県,,,,,2
,,,,江津本町,西日本旅客鉄道株式会社,三江線,,2,ごうつほんまち,島根県,,,,,2
,,,,千金,西日本旅客鉄道株式会社,三江線,,3,ちがね,島根県,,,,,2
,,,,川平,西日本旅客鉄道株式会社,三江線,,4,かわひら,島根県,,,,,2
,,,,川戸,西日本旅客鉄道株式会社,三江線,,5,かわど,島根県,,,,,2
,,,,田津,西日本旅客鉄道株式会社,三江線,,6,たづ,島根県,,,,,2
,,,,石見川越,西日本旅客鉄道株式会社,三江線,,7,いわみかわごえ,島根県,,,,,2
,,,,鹿賀,西日本旅客鉄道株式会社,三江線,,8,しかが,島根県,,,,,2
,,,,因原,西日本旅客鉄道株式会社,三江線,,9,いんばら,島根県,,,,,2
,,,,石見川本,西日本旅客鉄道株式会社,三江線,,10,いわみかわもと,島根県,,,,,2
,,,,木路原,西日本旅客鉄道株式会社,三江線,,11,きろはら,島根県,,,,,2
,,,,竹,西日本旅客鉄道株式会社,三江線,,12,たけ,島根県,,,,,2
,,,,乙原,西日本旅客鉄道株式会社,三江線,,13,おんばら,島根県,,,,,2
,,,,石見簗瀬,西日本旅客鉄道株式会社,三江線,,14,いわみやなぜ,島根県,,,,,2
,,,,明塚,西日本旅客鉄道株式会社,三江線,,15,あかつか,島根県,,,,,2
,,,,粕淵,西日本旅客鉄道株式会社,三江線,,16,かすぶち,島根県,,,,,2
,,,,浜原,西日本旅客鉄道株式会社,三江線,,17,はまはら,島根県,,,,,2
,,,,沢谷,西日本旅客鉄道株式会社,三江線,,18,さわだに,島根県,,,,,2
,,,,潮,西日本旅客鉄道株式会社,三江線,,19,うしお,島根県,,,,,2
,,,,石見松原,西日本旅客鉄道株式会社,三江線,,20,いわみまつばら,島根県,,,,,2
,,,,石見都賀,西日本旅客鉄道株式会社,三江線,,21,いわみつが,島根県,,,,,2
,,,,宇都井,西日本旅客鉄道株式会社,三江線,,22,うづい,島根県,,,,,2
,,,,伊賀和志,西日本旅客鉄道株式会社,三江線,,23,いかわし,広島県,,,,,2
,,,,口羽,西日本旅客鉄道株式会社,三江線,,24,くちば,島根県,,,,,2
,,,,江平,西日本旅客鉄道株式会社,三江線,,25,ごうびら,島根県,,,,,2
,,,,作木口,西日本旅客鉄道株式会社,三江線,,26,さくぎぐち,島根県,,,,,2
,,,,香淀,西日本旅客鉄道株式会社,三江線,,27,こうよど,広島県,,,,,2
,,,,式敷,西日本旅客鉄道株式会社,三江線,,28,しきじき,広島県,,,,,2
,,,,信木,西日本旅客鉄道株式会社,三江線,,29,のぶき,広島県,,,,,2
,,,,所木,西日本旅客鉄道株式会社,三江線,,30,ところぎ,広島県,,,,,2
,,,,船佐,西日本旅客鉄道株式会社,三江線,,31,ふなさ,広島県,,,,,2
,,,,長谷,西日本旅客鉄道株式会社,三江線,,32,ながたに,広島県,,,,,2
,,,,粟屋,西日本旅客鉄道株式会社,三江線,,33,あわや,広島県,,,,,2
,,,,尾関山,西日本旅客鉄道株式会社,三江線,,34,おぜきやま,広島県,,,,,2
三次,西日本旅客鉄道株式会社,芸備線,,三次,西日本旅客鉄道株式会社,三江線,,35,みよし,広島県,,,,,2
出雲市,西日本旅客鉄道株式会社,山陰本線,,出雲市,西日本旅客鉄道株式会社,大社線,,1,いずもし,島根県,,,,,2
,,,,出雲高松,西日本旅客鉄道株式会社,大社線,,2,いずもたかまつ,島根県,,,,,2
,,,,荒茅,西日本旅客鉄道株式会社,大社線,,3,あらかや,島根県,,,,,2
,,,,大社,西日本旅客鉄道株式会社,大社線,,4,たいしゃ,島根県,,,,,2
可部,西日本旅客鉄道株式会社,可部線,,可部,西日本旅客鉄道株式会社,可部線,旧線,1,かべ,広島県,,,,,2
,,,,河戸,西日本旅客鉄道株式会社,可部線,旧線,2,こうど,広島県,,,,,2
,,,,今井田,西日本旅客鉄道株式会社,可部線,旧線,3,いまいだ,広島県,,,,,2
,,,,安芸亀山,西日本旅客鉄道株式会社,可部線,旧線,4,あきかめやま,広島県,,,,,2
,,,,毛木,西日本旅客鉄道株式会社,可部線,旧線,5,けぎ,広島県,,,,,2
,,,,安芸飯室,西日本旅客鉄道株式会社,可部線,旧線,6,あきいむろ,広島県,,,,,2
,,,,布,西日本旅客鉄道株式会社,可部線,旧線,7,ぬの,広島県,,,,,2
,,,,小河内,西日本旅客鉄道株式会社,可部線,旧線,8,おがうち,広島県,,,,,2
,,,,安野,西日本旅客鉄道株式会社,可部線,旧線,9,やすの,広島県,,,,,2
,,,,水内,西日本旅客鉄道株式会社,可部線,旧線,10,みのち,広島県,,,,,2
,,,,坪野,西日本旅客鉄道株式会社,可部線,旧線,11,つぼの,広島県,,,,,2
,,,,田之尻,西日本旅客鉄道株式会社,可部線,旧線,12,たのしり,広島県,,,,,2
,,,,津浪,西日本旅客鉄道株式会社,可部線,旧線,13,つなみ,広島県,,,,,2
,,,,香草,西日本旅客鉄道株式会社,可部線,旧線,14,かぐさ,広島県,,,,,2
,,,,加計,西日本旅客鉄道株式会社,可部線,旧線,15,かけ,広島県,,,,,2
,,,,木坂,西日本旅客鉄道株式会社,可部線,旧線,16,きさか,広島県,,,,,2
,,,,殿賀,西日本旅客鉄道株式会社,可部線,旧線,17,とのが,広島県,,,,,2
,,,,上殿,西日本旅客鉄道株式会社,可部線,旧線,18,かみとの,広島県,,,,,2
,,,,筒賀,西日本旅客鉄道株式会社,可部線,旧線,19,つつが,広島県,,,,,2
,,,,土居,西日本旅客鉄道株式会社,可部線,旧線,20,どい,広島県,,,,,2
,,,,戸河内,西日本旅客鉄道株式会社,可部線,旧線,21,とごうち,広島県,,,,,2
,,,,三段峡,西日本旅客鉄道株式会社,可部線,旧線,22,さんだんきょう,広島県,,,,,2
河佐,西日本旅客鉄道株式会社,福塩線,,河佐,西日本旅客鉄道株式会社,福塩線,旧線,23,かわさ,広島県,,,,,2
,,,,八田原,西日本旅客鉄道株式会社,福塩線,旧線,24,はったばら,広島県,,,,,2
,,,,備後三川,西日本旅客鉄道株式会社,福塩線,旧線,25,びんごみかわ,広島県,,,,,2
南大嶺,西日本旅客鉄道株式会社,美祢線,,南大嶺,西日本旅客鉄道株式会社,美祢線,旧線,26,みなみおおみね,山口県,,,,,2
,,,,大嶺,西日本旅客鉄道株式会社,美祢線,旧線,27,おおみね,山口県,,,,,2
大畠,西日本旅客鉄道株式会社,山陽本線,,大畠,日本国有鉄道,大島航路,,1,おおばたけ,山口県,,,,,2
,,,,小松港,日本国有鉄道,大島航路,,2,こまつこう,山口県,,,,,2
宇野,西日本旅客鉄道株式会社,宇野線,,宇野,四国旅客鉄道株式会社,宇高航路,,1,うの,岡山県,,,,,2
高松,四国旅客鉄道株式会社,予讃線,,高松,四国旅客鉄道株式会社,宇高航路,,2,たかまつ,香川県,,,,,2
板野,四国旅客鉄道株式会社,高徳線,,板野,日本国有鉄道,鍛冶屋原線,,1,いたの,徳島県,,,,,2
,,,,犬伏,日本国有鉄道,鍛冶屋原線,,2,いぬぶし,徳島県,,,,,2
,,,,羅漢,日本国有鉄道,鍛冶屋原線,,3,らかん,徳島県,,,,,2
,,,,神宅,日本国有鉄道,鍛冶屋原線,,4,かんやけ,徳島県,,,,,2
,,,,鍛冶屋原,日本国有鉄道,鍛冶屋原線,,5,かじやばら,徳島県,,,,,2
中田,四国旅客鉄道株式会社,牟岐線,,中田,日本国有鉄道,小松島線,,1,ちゅうでん,徳島県,,,,,2
,,,,小松島,日本国有鉄道,小松島線,,2,こまつしま,徳島県,,,,,2
,,,,小松島港,日本国有鉄道,小松島線,,3,こまつしまこう,徳島県,,,,,2
五郎,四国旅客鉄道株式会社,予讃線,,五郎,日本国有鉄道,内子線,旧線,1,ごろう,愛媛県,,,,,2
新谷,四国旅客鉄道株式会社,予讃線,伊予大洲～新谷,新谷,日本国有鉄道,内子線,旧線,2,にいや,愛媛県,,,,,2
仁方,西日本旅客鉄道株式会社,呉線,,仁方,日本国有鉄道,仁堀航路,,1,にがた,広島県,,,,,2
堀江,四国旅客鉄道株式会社,予讃線,,堀江,日本国有鉄道,仁堀航路,,2,ほりえ,愛媛県,,,,,2
吉塚,九州旅客鉄道株式会社,鹿児島本線,門司港～八代,吉塚,日本国有鉄道,勝田線,,1,よしづか,福岡県,,,,,2
,,,,御手洗,日本国有鉄道,勝田線,,2,みたらい,福岡県,,,,,2
,,,,上亀山,日本国有鉄道,勝田線,,3,かみかめやま,福岡県,,,,,2
,,,,志免,日本国有鉄道,勝田線,,4,しめ,福岡県,,,,,2
,,,,下宇美,日本国有鉄道,勝田線,,5,しもうみ,福岡県,,,,,2
宇美,九州旅客鉄道株式会社,香椎線,,宇美,日本国有鉄道,勝田線,,6,うみ,福岡県,,,,,2
,,,,筑前勝田,日本国有鉄道,勝田線,,7,ちくぜんかつた,福岡県,,,,,2
遠賀川,九州旅客鉄道株式会社,鹿児島本線,門司港～八代,遠賀川,日本国有鉄道,室木線,,1,おんががわ,福岡県,,,,,2
,,,,古月,日本国有鉄道,室木線,,2,ふるつき,福岡県,,,,,2
,,,,鞍手,日本国有鉄道,室木線,,3,くらて,福岡県,,,,,2
,,,,八尋,日本国有鉄道,室木線,,4,やひろ,福岡県,,,,,2
,,,,室木,日本国有鉄道,室木線,,5,むろき,福岡県,,,,,2
中間,九州旅客鉄道株式会社,筑豊本線,,中間,日本国有鉄道,香月線,,1,なかま,福岡県,,,,,2
,,,,新手,日本国有鉄道,香月線,,2,あらて,福岡県,,,,,2
,,,,岩崎,日本国有鉄道,香月線,,3,いわさき,福岡県,,,,,2
,,,,香月,日本国有鉄道,香月線,,4,かつき,福岡県,,,,,2
勝野,九州旅客鉄道株式会社,筑豊本線,,勝野,九州旅客鉄道株式会社,宮田線,,1,かつの,福岡県,,,,,2
,,,,磯光,九州旅客鉄道株式会社,宮田線,,2,いそみつ,福岡県,,,,,2
,,,,筑前宮田,九州旅客鉄道株式会社,宮田線,,3,ちくぜんみやだ,福岡県,,,,,2
羽犬塚,九州旅客鉄道株式会社,鹿児島本線,門司港～八代,羽犬塚,日本国有鉄道,矢部線,,1,はいぬづか,福岡県,,,,,2
,,,,花宗,日本国有鉄道,矢部線,,2,はなむね,福岡県,,,,,2
,,,,鵜池,日本国有鉄道,矢部線,,3,うのいけ,福岡県,,,,,2
,,,,蒲原,日本国有鉄道,矢部線,,4,かまはら,福岡県,,,,,2
,,,,筑後福島,日本国有鉄道,矢部線,,5,ちくごふくしま,福岡県,,,,,2
,,,,今古賀,日本国有鉄道,矢部線,,6,いまこが,福岡県,,,,,2
,,,,上妻,日本国有鉄道,矢部線,,7,こうづま,福岡県,,,,,2
,,,,山内,日本国有鉄道,矢部線,,8,やまうち,福岡県,,,,,2
,,,,北川内,日本国有鉄道,矢部線,,9,きたかわち,福岡県,,,,,2
,,,,黒木,日本国有鉄道,矢部線,,10,くろき,福岡県,,,,,2
小竹,九州旅客鉄道株式会社,筑豊本線,,小竹,日本国有鉄道,幸袋線,,1,こたけ,福岡県,,,,,2
,,,,目尾,日本国有鉄道,幸袋線,,2,しゃかのお,福岡県,,,,,2
,,,,幸袋,日本国有鉄道,幸袋線,,3,こうぶくろ,福岡県,,,,,2
,,,,新二瀬,日本国有鉄道,幸袋線,,4,しんふたせ,福岡県,,,,,2
,,,,二瀬,日本国有鉄道,幸袋線,,5,ふたせ,福岡県,,,,,2
下鴨生,九州旅客鉄道株式会社,後藤寺線,,下鴨生,日本国有鉄道,漆生線,,1,しもかもお,福岡県,,,,,2
,,,,鴨生,日本国有鉄道,漆生線,,2,かもお,福岡県,,,,,2
,,,,漆生,日本国有鉄道,漆生線,,3,うるしお,福岡県,,,,,2
,,,,才田,日本国有鉄道,漆生線,,4,さいだ,福岡県,,,,,2
,,,,下山田,日本国有鉄道,漆生線,,5,しもやまだ,福岡県,,,,,2
飯塚,九州旅客鉄道株式会社,筑豊本線,,飯塚,九州旅客鉄道株式会社,上山田線,,1,いいづか,福岡県,,,,,2
,,,,平恒,九州旅客鉄道株式会社,上山田線,,2,ひらつね,福岡県,,,,,2
,,,,臼井,九州旅客鉄道株式会社,上山田線,,3,うすい,福岡県,,,,,2
,,,,大隈,九州旅客鉄道株式会社,上山田線,,4,おおくま,福岡県,,,,,2
下山田,日本国有鉄道,漆生線,,下山田,九州旅客鉄道株式会社,上山田線,,5,しもやまだ,福岡県,,,,,2
,,,,上山田,九州旅客鉄道株式会社,上山田線,,6,かみやまだ,福岡県,,,,,2
,,,,熊ケ畑,九州旅客鉄道株式会社,上山田線,,7,くまがはた,福岡県,,,,,2
,,,,真崎,九州旅客鉄道株式会社,上山田線,,8,まさき,福岡県,,,,,2
,,,,東川崎,九州旅客鉄道株式会社,上山田線,,9,ひがしかわさき,福岡県,,,,,2
,,,,豊前川崎,九州旅客鉄道株式会社,上山田線,,10,ぶぜんかわさき,福岡県,,,,,2
香春,九州旅客鉄道株式会社,日田彦山線,,香春,日本国有鉄道,添田線,,1,かわら,福岡県,,,,,2
,,,,上伊田,日本国有鉄道,添田線,,2,かみいた,福岡県,,,,,2
,,,,今任,日本国有鉄道,添田線,,3,いまとう,福岡県,,,,,2
,,,,大任,日本国有鉄道,添田線,,4,おおとう,福岡県,,,,,2
,,,,伊原,日本国有鉄道,添田線,,5,いばる,福岡県,,,,,2
添田,九州旅客鉄道株式会社,日田彦山線,,添田,日本国有鉄道,添田線,,6,そえだ,福岡県,,,,,2
恵良,九州旅客鉄道株式会社,久大本線,,恵良,日本国有鉄道,宮原線,,1,えら,大分県,,,,,2
,,,,町田,日本国有鉄道,宮原線,,2,まちだ,大分県,,,,,2
,,,,宝泉寺,日本国有鉄道,宮原線,,3,ほうせんじ,大分県,,,,,2
,,,,麻生釣,日本国有鉄道,宮原線,,4,あそづる,大分県,,,,,2
,,,,北里,日本国有鉄道,宮原線,,5,きたざち,熊本県,,,,,2
,,,,肥後小国,日本国有鉄道,宮原線,,6,ひごおぐに,熊本県,,,,,2
博多,西日本旅客鉄道株式会社,山陽新幹線,,博多,日本国有鉄道,筑肥線,博多～姪浜,1,はかた,福岡県,,,,,2
,,,,筑前簑島,日本国有鉄道,筑肥線,博多～姪浜,2,ちくぜんみのしま,福岡県,,,,,2
,,,,筑前高宮,日本国有鉄道,筑肥線,博多～姪浜,3,ちくぜんたかみや,福岡県,,,,,2
,,,,小笹,日本国有鉄道,筑肥線,博多～姪浜,4,おざさ,福岡県,,,,,2
,,,,鳥飼,日本国有鉄道,筑肥線,博多～姪浜,5,とりかい,福岡県,,,,,2
,,,,西新,日本国有鉄道,筑肥線,博多～姪浜,6,にしじん,福岡県,,,,,2
姪浜,九州旅客鉄道株式会社,筑肥線,姪浜～唐津,姪浜,日本国有鉄道,筑肥線,博多～姪浜,7,めいのはま,福岡県,,,,,2
虹ノ松原,九州旅客鉄道株式会社,筑肥線,姪浜～唐津,虹ノ松原,日本国有鉄道,筑肥線,虹ノ松原～山本,1,にじのまつばら,佐賀県,,,,,2
東唐津,九州旅客鉄道株式会社,筑肥線,姪浜～唐津,東唐津,日本国有鉄道,筑肥線,虹ノ松原～山本,2,ひがしからつ,佐賀県,,,,,2
,,,,鏡,日本国有鉄道,筑肥線,虹ノ松原～山本,3,かがみ,佐賀県,,,,,2
,,,,久里,日本国有鉄道,筑肥線,虹ノ松原～山本,4,くり,佐賀県,,,,,2
山本,九州旅客鉄道株式会社,唐津線,,山本,日本国有鉄道,筑肥線,虹ノ松原～山本,5,やまもと,佐賀県,,,,,2
佐賀,九州旅客鉄道株式会社,長崎本線,,佐賀,日本国有鉄道,佐賀線,,1,さが,佐賀県,,,,,2
,,,,東佐賀,日本国有鉄道,佐賀線,,2,ひがしさが,佐賀県,,,,,2
,,,,南佐賀,日本国有鉄道,佐賀線,,3,みなみさが,佐賀県,,,,,2
,,,,光法,日本国有鉄道,佐賀線,,4,みつのり,佐賀県,,,,,2
,,,,諸富,日本国有鉄道,佐賀線,,5,もろとみ,佐賀県,,,,,2
,,,,筑後若津,日本国有鉄道,佐賀線,,6,ちくごわかつ,福岡県,,,,,2
,,,,筑後大川,日本国有鉄道,佐賀線,,7,ちくごおおかわ,福岡県,,,,,2
,,,,東大川,日本国有鉄道,佐賀線,,8,ひがしおおかわ,福岡県,,,,,2
,,,,筑後柳河,日本国有鉄道,佐賀線,,9,ちくごやながわ,福岡県,,,,,2
,,,,百町,日本国有鉄道,佐賀線,,10,ひゃくちょう,福岡県,,,,,2
,,,,三橋,日本国有鉄道,佐賀線,,11,みつはし,福岡県,,,,,2
瀬高,九州旅客鉄道株式会社,鹿児島本線,門司港～八代,瀬高,日本国有鉄道,佐賀線,,12,せたか,福岡県,,,,,2
山本,九州旅客鉄道株式会社,唐津線,,山本,日本国有鉄道,唐津線,支線,1,やまもと,佐賀県,,,,,2
,,,,牟田部,日本国有鉄道,唐津線,支線,2,むたべ,佐賀県,,,,,2
,,,,岸嶽,日本国有鉄道,唐津線,支線,3,きしたけ,佐賀県,,,,,2
吉井,松浦鉄道株式会社,西九州線,,肥前吉井,日本国有鉄道,世知原線,,1,ひぜんよしい,長崎県,,,,,2
,,,,祝橋,日本国有鉄道,世知原線,,2,いわいばし,長崎県,,,,,2
,,,,世知原,日本国有鉄道,世知原線,,3,せちばる,長崎県,,,,,2
佐々,松浦鉄道株式会社,西九州線,,佐々,日本国有鉄道,臼ノ浦線,,1,さざ,長崎県,,,,,2
,,,,臼ノ浦,日本国有鉄道,臼ノ浦線,,2,うすのうら,長崎県,,,,,2
水俣,肥薩おれんじ鉄道株式会社,肥薩おれんじ鉄道線,,水俣,九州旅客鉄道株式会社,山野線,,1,みなまた,熊本県,,,,,2
,,,,東水俣,九州旅客鉄道株式会社,山野線,,2,ひがしみなまた,熊本県,,,,,2
,,,,肥後深川,九州旅客鉄道株式会社,山野線,,3,ひごふかがわ,熊本県,,,,,2
,,,,深渡瀬,九州旅客鉄道株式会社,山野線,,4,ふかわたぜ,熊本県,,,,,2
,,,,久木野,九州旅客鉄道株式会社,山野線,,5,くぎの,熊本県,,,,,2
,,,,薩摩布計,九州旅客鉄道株式会社,山野線,,6,さつまふけ,鹿児島県,,,,,2
,,,,西山野,九州旅客鉄道株式会社,山野線,,7,にしやまの,鹿児島県,,,,,2
,,,,山野,九州旅客鉄道株式会社,山野線,,8,やまの,鹿児島県,,,,,2
,,,,郡山八幡,九州旅客鉄道株式会社,山野線,,9,こおりやまはちまん,鹿児島県,,,,,2
,,,,薩摩大口,九州旅客鉄道株式会社,山野線,,10,さつまおおくち,鹿児島県,,,,,2
,,,,西菱刈,九州旅客鉄道株式会社,山野線,,11,にしひしかり,鹿児島県,,,,,2
,,,,菱刈,九州旅客鉄道株式会社,山野線,,12,ひしかり,鹿児島県,,,,,2
,,,,前目,九州旅客鉄道株式会社,山野線,,13,まえめ,鹿児島県,,,,,2
,,,,湯之尾,九州旅客鉄道株式会社,山野線,,14,ゆのお,鹿児島県,,,,,2
,,,,稲葉崎,九州旅客鉄道株式会社,山野線,,15,いなばざき,鹿児島県,,,,,2
栗野,九州旅客鉄道株式会社,肥薩線,,栗野,九州旅客鉄道株式会社,山野線,,16,くりの,鹿児島県,,,,,2
川内,九州旅客鉄道株式会社,鹿児島本線,,川内,日本国有鉄道,宮之城線,,1,せんだい,鹿児島県,,,,,2
,,,,薩摩白浜,日本国有鉄道,宮之城線,,2,さつましらはま,鹿児島県,,,,,2
,,,,楠元,日本国有鉄道,宮之城線,,3,くすもと,鹿児島県,,,,,2
,,,,吉野山,日本国有鉄道,宮之城線,,4,よしのやま,鹿児島県,,,,,2
,,,,樋脇,日本国有鉄道,宮之城線,,5,ひわき,鹿児島県,,,,,2
,,,,上樋脇,日本国有鉄道,宮之城線,,6,かみひわき,鹿児島県,,,,,2
,,,,入来,日本国有鉄道,宮之城線,,7,いりき,鹿児島県,,,,,2
,,,,薩摩山崎,日本国有鉄道,宮之城線,,8,さつまやまさき,鹿児島県,,,,,2
,,,,船木,日本国有鉄道,宮之城線,,9,ふなき,鹿児島県,,,,,2
,,,,宮之城,日本国有鉄道,宮之城線,,10,みやのじょう,鹿児島県,,,,,2
,,,,佐志,日本国有鉄道,宮之城線,,11,さし,鹿児島県,,,,,2
,,,,薩摩湯田,日本国有鉄道,宮之城線,,12,さつまゆだ,鹿児島県,,,,,2
,,,,薩摩鶴田,日本国有鉄道,宮之城線,,13,さつまつるだ,鹿児島県,,,,,2
,,,,薩摩求名,日本国有鉄道,宮之城線,,14,さつまぐみょう,鹿児島県,,,,,2
,,,,広橋,日本国有鉄道,宮之城線,,15,ひろはし,鹿児島県,,,,,2
,,,,薩摩永野,日本国有鉄道,宮之城線,,16,さつまながの,鹿児島県,,,,,2
,,,,針持,日本国有鉄道,宮之城線,,17,はりもち,鹿児島県,,,,,2
,,,,西太良,日本国有鉄道,宮之城線,,18,にしたら,鹿児島県,,,,,2
,,,,羽月,日本国有鉄道,宮之城線,,19,はつき,鹿児島県,,,,,2
,,,,薩摩大口,日本国有鉄道,宮之城線,,20,さつまおおくち,鹿児島県,,,,,2
西都城,九州旅客鉄道株式会社,日豊本線,,西都城,日本国有鉄道,志布志線,,1,にしみやこのじょう,宮崎県,,,,,2
,,,,今町,日本国有鉄道,志布志線,,2,いままち,宮崎県,,,,,2
,,,,末吉,日本国有鉄道,志布志線,,3,すえよし,鹿児島県,,,,,2
,,,,岩北,日本国有鉄道,志布志線,,4,いわきた,鹿児島県,,,,,2
,,,,岩川,日本国有鉄道,志布志線,,5,いわがわ,鹿児島県,,,,,2
,,,,大隅松山,日本国有鉄道,志布志線,,6,おおすみまつやま,鹿児島県,,,,,2
,,,,伊崎田,日本国有鉄道,志布志線,,7,いさきた,鹿児島県,,,,,2
,,,,安楽,日本国有鉄道,志布志線,,8,あんらく,鹿児島県,,,,,2
,,,,中安楽,日本国有鉄道,志布志線,,9,なかあんらく,鹿児島県,,,,,2
志布志,九州旅客鉄道株式会社,日南線,,志布志,日本国有鉄道,志布志線,,10,しぶし,鹿児島県,,,,,2
志布志,九州旅客鉄道株式会社,日南線,,志布志,日本国有鉄道,大隅線,,1,しぶし,鹿児島県,,,,,2
,,,,菱田,日本国有鉄道,大隅線,,2,ひしだ,鹿児島県,,,,,2
,,,,大隅大崎,日本国有鉄道,大隅線,,3,おおすみおおさき,鹿児島県,,,,,2
,,,,三文字,日本国有鉄道,大隅線,,4,さんもじ,鹿児島県,,,,,2
,,,,東串良,日本国有鉄道,大隅線,,5,ひがしくしら,鹿児島県,,,,,2
,,,,串良,日本国有鉄道,大隅線,,6,くしら,鹿児島県,,,,,2
,,,,下小原,日本国有鉄道,大隅線,,7,しもおばる,鹿児島県,,,,,2
,,,,大隅高山,日本国有鉄道,大隅線,,8,おおすみこうやま,鹿児島県,,,,,2
,,,,論地,日本国有鉄道,大隅線,,9,ろんじ,鹿児島県,,,,,2
,,,,吾平,日本国有鉄道,大隅線,,10,あいら,鹿児島県,,,,,2
,,,,永野田,日本国有鉄道,大隅線,,11,ながのだ,鹿児島県,,,,,2
,,,,大隅川西,日本国有鉄道,大隅線,,12,おおすみかわにし,鹿児島県,,,,,2
,,,,鹿屋,日本国有鉄道,大隅線,,13,かのや,鹿児島県,,,,,2
,,,,大隅野里,日本国有鉄道,大隅線,,14,おおすみのざと,鹿児島県,,,,,2
,,,,大隅高須,日本国有鉄道,大隅線,,15,おおすみたかす,鹿児島県,,,,,2
,,,,荒平,日本国有鉄道,大隅線,,16,あらひら,鹿児島県,,,,,2
,,,,古江,日本国有鉄道,大隅線,,17,ふるえ,鹿児島県,,,,,2
,,,,新城,日本国有鉄道,大隅線,,18,しんじょう,鹿児島県,,,,,2
,,,,諏訪,日本国有鉄道,大隅線,,19,すわ,鹿児島県,,,,,2
,,,,柊原,日本国有鉄道,大隅線,,20,くるぎばる,鹿児島県,,,,,2
,,,,浜平,日本国有鉄道,大隅線,,21,はまびら,鹿児島県,,,,,2
,,,,垂水,日本国有鉄道,大隅線,,22,たるみず,鹿児島県,,,,,2
,,,,海潟温泉,日本国有鉄道,大隅線,,23,かいがたおんせん,鹿児島県,,,,,2
,,,,大隅麓,日本国有鉄道,大隅線,,24,おおすみふもと,鹿児島県,,,,,2
,,,,大隅辺田,日本国有鉄道,大隅線,,25,おおすみへた,鹿児島県,,,,,2
,,,,大隅二川,日本国有鉄道,大隅線,,26,おおすみふたがわ,鹿児島県,,,,,2
,,,,大隅境,日本国有鉄道,大隅線,,27,おおすみさかい,鹿児島県,,,,,2
,,,,大廻,日本国有鉄道,大隅線,,28,おおめぐり,鹿児島県,,,,,2
,,,,大隅福山,日本国有鉄道,大隅線,,29,おおすみふくやま,鹿児島県,,,,,2
,,,,敷根,日本国有鉄道,大隅線,,30,しきね,鹿児島県,,,,,2
,,,,銅田,日本国有鉄道,大隅線,,31,どうた,鹿児島県,,,,,2
,,,,金剛寺,日本国有鉄道,大隅線,,32,こんごうじ,鹿児島県,,,,,2
国分,九州旅客鉄道株式会社,日豊本線,,国分,日本国有鉄道,大隅線,,33,こくぶ,鹿児島県,,,,,2
日向市,九州旅客鉄道株式会社,日豊本線,,日向市,日本国有鉄道,細島線,,1,ひゅうがし,宮崎県,,,,,2
,,,,伊勢ケ浜,日本国有鉄道,細島線,,2,いせがはま,宮崎県,,,,,2
,,,,細島,日本国有鉄道,細島線,,3,ほそしま,宮崎県,,,,,2
佐土原,九州旅客鉄道株式会社,日豊本線,,佐土原,日本国有鉄道,妻線,,1,さどわら,宮崎県,,,,,2
,,,,西佐土原,日本国有鉄道,妻線,,2,にしさどわら,宮崎県,,,,,2
,,,,黒生野,日本国有鉄道,妻線,,3,くろうの,宮崎県,,,,,2
,,,,妻,日本国有鉄道,妻線,,4,つま,宮崎県,,,,,2
,,,,穂北,日本国有鉄道,妻線,,5,ほきた,宮崎県,,,,,2
,,,,杉安,日本国有鉄道,妻線,,6,すぎやす,宮崎県,,,,,2
池田,北海道旅客鉄道株式会社,根室本線,,池田,北海道ちほく高原鉄道株式会社,ふるさと銀河線,,1,いけだ,北海道,,,,,2
,,,,様舞,北海道ちほく高原鉄道株式会社,ふるさと銀河線,,2,さままい,北海道,,,,,2
,,,,高島,北海道ちほく高原鉄道株式会社,ふるさと銀河線,,3,たかしま,北海道,,,,,2
,,,,大森,北海道ちほく高原鉄道株式会社,ふるさと銀河線,,4,おおもり,北海道,,,,,2
,,,,勇足,北海道ちほく高原鉄道株式会社,ふるさと銀河線,,5,ゆうたり,北海道,,,,,2
,,,,南本別,北海道ちほく高原鉄道株式会社,ふるさと銀河線,,6,みなみほんべつ,北海道,,,,,2
,,,,本別,北海道ちほく高原鉄道株式会社,ふるさと銀河線,,7,ほんべつ,北海道,,,,,2
,,,,仙美里,北海道ちほく高原鉄道株式会社,ふるさと銀河線,,8,せんびり,北海道,,,,,2
,,,,足寄,北海道ちほく高原鉄道株式会社,ふるさと銀河線,,9,あしょろ,北海道,,,,,2
,,,,愛冠,北海道ちほく高原鉄道株式会社,ふるさと銀河線,,10,あいかっぷ,北海道,,,,,2
,,,,西一線,北海道ちほく高原鉄道株式会社,ふるさと銀河線,,11,にしいっせん,北海道,,,,,2
,,,,塩幌,北海道ちほく高原鉄道株式会社,ふるさと銀河線,,12,しおほろ,北海道,,,,,2
,,,,上利別,北海道ちほく高原鉄道株式会社,ふるさと銀河線,,13,かみとしべつ,北海道,,,,,2
,,,,笹森,北海道ちほく高原鉄道株式会社,ふるさと銀河線,,14,ささもり,北海道,,,,,2
,,,,大誉地,北海道ちほく高原鉄道株式会社,ふるさと銀河線,,15,およち,北海道,,,,,2
,,,,薫別,北海道ちほく高原鉄道株式会社,ふるさと銀河線,,16,くんべつ,北海道,,,,,2
,,,,陸別,北海道ちほく高原鉄道株式会社,ふるさと銀河線,,17,りくべつ,北海道,,,,,2
,,,,分線,北海道ちほく高原鉄道株式会社,ふるさと銀河線,,18,ぶんせん,北海道,,,,,2
,,,,川上,北海道ちほく高原鉄道株式会社,ふるさと銀河線,,19,かわかみ,北海道,,,,,2
,,,,小利別,北海道ちほく高原鉄道株式会社,ふるさと銀河線,,20,しょうとしべつ,北海道,,,,,2
,,,,置戸,北海道ちほく高原鉄道株式会社,ふるさと銀河線,,21,おけと,北海道,,,,,2
,,,,豊住,北海道ちほく高原鉄道株式会社,ふるさと銀河線,,22,とよずみ,北海道,,,,,2
,,,,境野,北海道ちほく高原鉄道株式会社,ふるさと銀河線,,23,さかいの,北海道,,,,,2
,,,,西訓子府,北海道ちほく高原鉄道株式会社,ふるさと銀河線,,24,にしくんねっぷ,北海道,,,,,2
,,,,西富,北海道ちほく高原鉄道株式会社,ふるさと銀河線,,25,にしとみ,北海道,,,,,2
,,,,訓子府,北海道ちほく高原鉄道株式会社,ふるさと銀河線,,26,くんねっぷ,北海道,,,,,2
,,,,穂波,北海道ちほく高原鉄道株式会社,ふるさと銀河線,,27,ほなみ,北海道,,,,,2
,,,,日ノ出,北海道ちほく高原鉄道株式会社,ふるさと銀河線,,28,ひので,北海道,,,,,2
,,,,広郷,北海道ちほく高原鉄道株式会社,ふるさと銀河線,,29,ひろさと,北海道,,,,,2
,,,,上常呂,北海道ちほく高原鉄道株式会社,ふるさと銀河線,,30,かみところ,北海道,,,,,2
,,,,北光社,北海道ちほく高原鉄道株式会社,ふるさと銀河線,,31,ほっこうしゃ,北海道,,,,,2
北見,北海道旅客鉄道株式会社,石北本線,,北見,北海道ちほく高原鉄道株式会社,ふるさと銀河線,,32,きたみ,北海道,,,,,2
川部,東日本旅客鉄道株式会社,奥羽本線,,川部,弘南鉄道株式会社,黒石線,,1,かわべ,青森県,,,,,2
,,,,前田屋敷,弘南鉄道株式会社,黒石線,,2,まえだやしき,青森県,,,,,2
黒石,弘南鉄道株式会社,弘南線,,黒石,弘南鉄道株式会社,黒石線,,3,くろいし,青森県,,,,,2
下北,東日本旅客鉄道株式会社,大湊線,,下北,下北交通株式会社,大畑線,,1,しもきた,青森県,,,,,2
,,,,海老川,下北交通株式会社,大畑線,,2,えびかわ,青森県,,,,,2
,,,,田名部,下北交通株式会社,大畑線,,3,たなぶ,青森県,,,,,2
,,,,樺山,下北交通株式会社,大畑線,,4,かばやま,青森県,,,,,2
,,,,陸奥関根,下北交通株式会社,大畑線,,5,むつせきね,青森県,,,,,2
,,,,川代,下北交通株式会社,大畑線,,6,かわだい,青森県,,,,,2
,,,,正津川,下北交通株式会社,大畑線,,7,しょうづがわ,青森県,,,,,2
,,,,大畑,下北交通株式会社,大畑線,,8,おおはた,青森県,,,,,2
猪谷,東海旅客鉄道株式会社,高山本線,,猪谷,神岡鉄道株式会社,神岡線,,1,いのたに,富山県,,,,,2
,,,,飛騨中山,神岡鉄道株式会社,神岡線,,2,ひだなかやま,岐阜県,,,,,2
,,,,茂住,神岡鉄道株式会社,神岡線,,3,もずみ,岐阜県,,,,,2
,,,,漆山,神岡鉄道株式会社,神岡線,,4,うるしやま,岐阜県,,,,,2
,,,,神岡鉱山前,神岡鉄道株式会社,神岡線,,5,かみおかこうざんまえ,岐阜県,,,,,2
,,,,飛騨神岡,神岡鉄道株式会社,神岡線,,6,ひだかみおか,岐阜県,,,,,2
,,,,神岡大橋,神岡鉄道株式会社,神岡線,,7,かみおかおおはし,岐阜県,,,,,2
,,,,奥飛騨温泉口,神岡鉄道株式会社,神岡線,,8,おくひだおんせんぐち,岐阜県,,,,,2
,,,,能登三井,のと鉄道株式会社,七尾線,,9,のとみい,石川県,,,,,2
,,,,能登市ノ瀬,のと鉄道株式会社,七尾線,,10,のといちのせ,石川県,,,,,2
,,,,輪島,のと鉄道株式会社,七尾線,,11,わじま,石川県,,,,,2
穴水,のと鉄道株式会社,七尾線,,穴水,のと鉄道株式会社,能登線,,1,あなみず,石川県,,,,,2
,,,,中居,のと鉄道株式会社,能登線,,2,なかい,石川県,,,,,2
,,,,比良,のと鉄道株式会社,能登線,,3,びら,石川県,,,,,2
,,,,鹿波,のと鉄道株式会社,能登線,,4,かなみ,石川県,,,,,2
,,,,甲,のと鉄道株式会社,能登線,,5,かぶと,石川県,,,,,2
,,,,沖波,のと鉄道株式会社,能登線,,6,おきなみ,石川県,,,,,2
,,,,前波,のと鉄道株式会社,能登線,,7,まえなみ,石川県,,,,,2
,,,,古君,のと鉄道株式会社,能登線,,8,ふるきみ,石川県,,,,,2
,,,,鵜川,のと鉄道株式会社,能登線,,9,うかわ,石川県,,,,,2
,,,,七見,のと鉄道株式会社,能登線,,10,しちみ,石川県,,,,,2
,,,,矢波,のと鉄道株式会社,能登線,,11,やなみ,石川県,,,,,2
,,,,波並,のと鉄道株式会社,能登線,,12,はなみ,石川県,,,,,2
,,,,藤波,のと鉄道株式会社,能登線,,13,ふじなみ,石川県,,,,,2
,,,,宇出津,のと鉄道株式会社,能登線,,14,うしつ,石川県,,,,,2
,,,,羽根,のと鉄道株式会社,能登線,,15,はね,石川県,,,,,2
,,,,小浦,のと鉄道株式会社,能登線,,16,おうら,石川県,,,,,2
,,,,縄文真脇,のと鉄道株式会社,能登線,,17,じょうもんまわき,石川県,,,,,2
,,,,九十九湾小木,のと鉄道株式会社,能登線,,18,つくもわんおぎ,石川県,,,,,2
,,,,白丸,のと鉄道株式会社,能登線,,19,しろまる,石川県,,,,,2
,,,,九里川尻,のと鉄道株式会社,能登線,,20,くりかわしり,石川県,,,,,2
,,,,松波,のと鉄道株式会社,能登線,,21,まつなみ,石川県,,,,,2
,,,,恋路,のと鉄道株式会社,能登線,,22,こいじ,石川県,,,,,2
,,,,鵜島,のと鉄道株式会社,能登線,,23,うしま,石川県,,,,,2
,,,,南黒丸,のと鉄道株式会社,能登線,,24,みなみくろまる,石川県,,,,,2
,,,,鵜飼,のと鉄道株式会社,能登線,,25,うかい,石川県,,,,,2
,,,,上戸,のと鉄道株式会社,能登線,,26,うえど,石川県,,,,,2
,,,,飯田,のと鉄道株式会社,能登線,,27,いいだ,石川県,,,,,2
,,,,珠洲,のと鉄道株式会社,能登線,,28,すず,石川県,,,,,2
,,,,正院,のと鉄道株式会社,能登線,,29,しょういん,石川県,,,,,2
,,,,蛸島,のと鉄道株式会社,能登線,,30,たこしま,石川県,,,,,2
厄神,西日本旅客鉄道株式会社,加古川線,,厄神,三木鉄道株式会社,三木線,,1,やくじん,兵庫県,,,,,2
,,,,国包,三木鉄道株式会社,三木線,,2,くにかね,兵庫県,,,,,2
,,,,宗佐,三木鉄道株式会社,三木線,,3,そうさ,兵庫県,,,,,2
,,,,下石野,三木鉄道株式会社,三木線,,4,しもいしの,兵庫県,,,,,2
,,,,石野,三木鉄道株式会社,三木線,,5,いしの,兵庫県,,,,,2
,,,,西這田,三木鉄道株式会社,三木線,,6,にしほうだ,兵庫県,,,,,2
,,,,別所,三木鉄道株式会社,三木線,,7,べっしょ,兵庫県,,,,,2
,,,,高木,三木鉄道株式会社,三木線,,8,たかぎ,兵庫県,,,,,2
,,,,三木,三木鉄道株式会社,三木線,,9,みき,兵庫県,,,,,2
延岡,九州旅客鉄道株式会社,日豊本線,,延岡,高千穂鉄道株式会社,高千穂線,,1,のべおか,宮崎県,,,,,2
,,,,西延岡,高千穂鉄道株式会社,高千穂線,,2,にしのべおか,宮崎県,,,,,2
,,,,行縢,高千穂鉄道株式会社,高千穂線,,3,むかばき,宮崎県,,,,,2
,,,,細見,高千穂鉄道株式会社,高千穂線,,4,ほそい,宮崎県,,,,,2
,,,,日向岡元,高千穂鉄道株式会社,高千穂線,,5,ひゅうがおかもと,宮崎県,,,,,2
,,,,吐合,高千穂鉄道株式会社,高千穂線,,6,はきあい,宮崎県,,,,,2
,,,,曽木,高千穂鉄道株式会社,高千穂線,,7,そき,宮崎県,,,,,2
,,,,川水流,高千穂鉄道株式会社,高千穂線,,8,かわずる,宮崎県,,,,,2
,,,,上崎,高千穂鉄道株式会社,高千穂線,,9,かみざき,宮崎県,,,,,2
,,,,早日渡,高千穂鉄道株式会社,高千穂線,,10,はやひと,宮崎県,,,,,2
,,,,亀ヶ崎,高千穂鉄道株式会社,高千穂線,,11,かめがさき,宮崎県,,,,,2
,,,,槇峰,高千穂鉄道株式会社,高千穂線,,12,まきみね,宮崎県,,,,,2
,,,,日向八戸,高千穂鉄道株式会社,高千穂線,,13,ひゅうがやと,宮崎県,,,,,2
,,,,吾味,高千穂鉄道株式会社,高千穂線,,14,ごみ,宮崎県,,,,,2
,,,,日之影温泉,高千穂鉄道株式会社,高千穂線,,15,ひのかげおんせん,宮崎県,,,,,2
,,,,影待,高千穂鉄道株式会社,高千穂線,,16,かげまち,宮崎県,,,,,2
,,,,深角,高千穂鉄道株式会社,高千穂線,,17,ふかすみ,宮崎県,,,,,2
,,,,天岩戸,高千穂鉄道株式会社,高千穂線,,18,あまのいわと,宮崎県,,,,,2
,,,,高千穂,高千穂鉄道株式会社,高千穂線,,19,たかちほ,宮崎県,,,,,2
